pr,"	Year", Month, Country, ISO3, ISO2
65.9901,1901,1,ZAF,,
82.1997,1901,2,ZAF,,
81.1065,1901,3,ZAF,,
39.6374,1901,4,ZAF,,
14.9665,1901,5,ZAF,,
13.3148,1901,6,ZAF,,
10.1383,1901,7,ZAF,,
15.6452,1901,8,ZAF,,
59.1459,1901,9,ZAF,,
66.2389,1901,10,ZAF,,
66.9164,1901,11,ZAF,,
63.887,1901,12,ZAF,,
58.124,1902,1,ZAF,,
49.2258,1902,2,ZAF,,
67.2561,1902,3,ZAF,,
31.9123,1902,4,ZAF,,
7.8161,1902,5,ZAF,,
16.1566,1902,6,ZAF,,
9.77668,1902,7,ZAF,,
16.6419,1902,8,ZAF,,
42.8283,1902,9,ZAF,,
31.8864,1902,10,ZAF,,
37.453,1902,11,ZAF,,
49.7872,1902,12,ZAF,,
41.6798,1903,1,ZAF,,
40.1567,1903,2,ZAF,,
26.087,1903,3,ZAF,,
36.6776,1903,4,ZAF,,
18.6191,1903,5,ZAF,,
13.7247,1903,6,ZAF,,
7.25094,1903,7,ZAF,,
10.8903,1903,8,ZAF,,
7.22882,1903,9,ZAF,,
29.756,1903,10,ZAF,,
64.3705,1903,11,ZAF,,
43.2891,1903,12,ZAF,,
95.6307,1904,1,ZAF,,
74.7153,1904,2,ZAF,,
70.0503,1904,3,ZAF,,
21.3505,1904,4,ZAF,,
10.9179,1904,5,ZAF,,
11.1255,1904,6,ZAF,,
7.21317,1904,7,ZAF,,
10.1486,1904,8,ZAF,,
16.1486,1904,9,ZAF,,
35.2018,1904,10,ZAF,,
39.3727,1904,11,ZAF,,
37.8314,1904,12,ZAF,,
51.9673,1905,1,ZAF,,
60.8996,1905,2,ZAF,,
58.3608,1905,3,ZAF,,
30.8227,1905,4,ZAF,,
24.2179,1905,5,ZAF,,
15.3556,1905,6,ZAF,,
3.6473,1905,7,ZAF,,
13.9307,1905,8,ZAF,,
34.869,1905,9,ZAF,,
29.1317,1905,10,ZAF,,
47.7117,1905,11,ZAF,,
60.9135,1905,12,ZAF,,
51.2022,1906,1,ZAF,,
63.7931,1906,2,ZAF,,
55.5254,1906,3,ZAF,,
18.5005,1906,4,ZAF,,
23.4392,1906,5,ZAF,,
11.6612,1906,6,ZAF,,
3.10216,1906,7,ZAF,,
6.46647,1906,8,ZAF,,
30.1584,1906,9,ZAF,,
65.9433,1906,10,ZAF,,
69.9403,1906,11,ZAF,,
83.0346,1906,12,ZAF,,
86.2345,1907,1,ZAF,,
97.0798,1907,2,ZAF,,
65.9053,1907,3,ZAF,,
74.2723,1907,4,ZAF,,
29.3383,1907,5,ZAF,,
5.97796,1907,6,ZAF,,
4.2637,1907,7,ZAF,,
2.82159,1907,8,ZAF,,
27.0971,1907,9,ZAF,,
39.5139,1907,10,ZAF,,
56.4308,1907,11,ZAF,,
66.7379,1907,12,ZAF,,
45.0343,1908,1,ZAF,,
42.5525,1908,2,ZAF,,
46.5796,1908,3,ZAF,,
31.9652,1908,4,ZAF,,
5.98131,1908,5,ZAF,,
13.8993,1908,6,ZAF,,
17.877,1908,7,ZAF,,
19.1786,1908,8,ZAF,,
24.136,1908,9,ZAF,,
46.0053,1908,10,ZAF,,
45.9279,1908,11,ZAF,,
49.3222,1908,12,ZAF,,
113.034,1909,1,ZAF,,
114.913,1909,2,ZAF,,
81.6391,1909,3,ZAF,,
39.0238,1909,4,ZAF,,
38.5851,1909,5,ZAF,,
5.0059,1909,6,ZAF,,
7.05137,1909,7,ZAF,,
20.3337,1909,8,ZAF,,
28.3127,1909,9,ZAF,,
24.0487,1909,10,ZAF,,
42.2695,1909,11,ZAF,,
92.6147,1909,12,ZAF,,
74.866,1910,1,ZAF,,
92.0047,1910,2,ZAF,,
64.1211,1910,3,ZAF,,
12.5201,1910,4,ZAF,,
20.6837,1910,5,ZAF,,
17.1347,1910,6,ZAF,,
12.2769,1910,7,ZAF,,
7.72759,1910,8,ZAF,,
22.214,1910,9,ZAF,,
66.0244,1910,10,ZAF,,
36.256,1910,11,ZAF,,
58.583,1910,12,ZAF,,
82.9587,1911,1,ZAF,,
46.134,1911,2,ZAF,,
85.6236,1911,3,ZAF,,
40.3829,1911,4,ZAF,,
42.9627,1911,5,ZAF,,
15.2277,1911,6,ZAF,,
21.949,1911,7,ZAF,,
21.0783,1911,8,ZAF,,
20.3236,1911,9,ZAF,,
49.2864,1911,10,ZAF,,
54.0509,1911,11,ZAF,,
28.5992,1911,12,ZAF,,
54.6804,1912,1,ZAF,,
82.4589,1912,2,ZAF,,
39.8839,1912,3,ZAF,,
49.0744,1912,4,ZAF,,
17.364,1912,5,ZAF,,
20.3652,1912,6,ZAF,,
10.4476,1912,7,ZAF,,
8.56315,1912,8,ZAF,,
13.4892,1912,9,ZAF,,
14.7008,1912,10,ZAF,,
22.6308,1912,11,ZAF,,
70.5087,1912,12,ZAF,,
51.5724,1913,1,ZAF,,
92.3719,1913,2,ZAF,,
77.6879,1913,3,ZAF,,
32.6593,1913,4,ZAF,,
11.4806,1913,5,ZAF,,
17.1024,1913,6,ZAF,,
11.4198,1913,7,ZAF,,
16.8547,1913,8,ZAF,,
35.45,1913,9,ZAF,,
50.6888,1913,10,ZAF,,
36.0025,1913,11,ZAF,,
25.1587,1913,12,ZAF,,
44.7386,1914,1,ZAF,,
65.786,1914,2,ZAF,,
52.6764,1914,3,ZAF,,
34.2901,1914,4,ZAF,,
23.2864,1914,5,ZAF,,
19.1063,1914,6,ZAF,,
9.51061,1914,7,ZAF,,
23.2303,1914,8,ZAF,,
9.28501,1914,9,ZAF,,
35.3479,1914,10,ZAF,,
75.9159,1914,11,ZAF,,
94.491,1914,12,ZAF,,
102.095,1915,1,ZAF,,
75.5487,1915,2,ZAF,,
21.6518,1915,3,ZAF,,
19.0131,1915,4,ZAF,,
19.5083,1915,5,ZAF,,
15.3879,1915,6,ZAF,,
23.9773,1915,7,ZAF,,
6.72289,1915,8,ZAF,,
17.5462,1915,9,ZAF,,
49.2249,1915,10,ZAF,,
48.6421,1915,11,ZAF,,
50.2851,1915,12,ZAF,,
47.5766,1916,1,ZAF,,
26.532,1916,2,ZAF,,
72.2154,1916,3,ZAF,,
28.0153,1916,4,ZAF,,
25.0714,1916,5,ZAF,,
6.57381,1916,6,ZAF,,
8.05746,1916,7,ZAF,,
9.43346,1916,8,ZAF,,
8.88349,1916,9,ZAF,,
33.2991,1916,10,ZAF,,
41.3579,1916,11,ZAF,,
77.7953,1916,12,ZAF,,
65.2622,1917,1,ZAF,,
78.9228,1917,2,ZAF,,
72.2995,1917,3,ZAF,,
39.3189,1917,4,ZAF,,
15.2848,1917,5,ZAF,,
27.6553,1917,6,ZAF,,
30.1163,1917,7,ZAF,,
35.8172,1917,8,ZAF,,
24.9327,1917,9,ZAF,,
45.6335,1917,10,ZAF,,
80.8192,1917,11,ZAF,,
77.0112,1917,12,ZAF,,
87.756,1918,1,ZAF,,
85.9884,1918,2,ZAF,,
118.024,1918,3,ZAF,,
7.76886,1918,4,ZAF,,
21.002,1918,5,ZAF,,
12.2091,1918,6,ZAF,,
22.2717,1918,7,ZAF,,
28.1264,1918,8,ZAF,,
33.7125,1918,9,ZAF,,
41.9211,1918,10,ZAF,,
38.0406,1918,11,ZAF,,
61.464,1918,12,ZAF,,
58.2683,1919,1,ZAF,,
46.3063,1919,2,ZAF,,
59.2325,1919,3,ZAF,,
37.7008,1919,4,ZAF,,
8.83865,1919,5,ZAF,,
7.01823,1919,6,ZAF,,
6.58579,1919,7,ZAF,,
13.291,1919,8,ZAF,,
16.0556,1919,9,ZAF,,
14.7707,1919,10,ZAF,,
59.1045,1919,11,ZAF,,
29.4649,1919,12,ZAF,,
84.6023,1920,1,ZAF,,
113.31,1920,2,ZAF,,
83.2797,1920,3,ZAF,,
11.9662,1920,4,ZAF,,
15.8448,1920,5,ZAF,,
14.5465,1920,6,ZAF,,
11.2059,1920,7,ZAF,,
13.8839,1920,8,ZAF,,
22.6024,1920,9,ZAF,,
52.8424,1920,10,ZAF,,
36.516,1920,11,ZAF,,
52.5316,1920,12,ZAF,,
37.1529,1921,1,ZAF,,
92.6573,1921,2,ZAF,,
111.421,1921,3,ZAF,,
45.6568,1921,4,ZAF,,
21.5004,1921,5,ZAF,,
21.3719,1921,6,ZAF,,
9.69039,1921,7,ZAF,,
6.67312,1921,8,ZAF,,
19.9771,1921,9,ZAF,,
37.5481,1921,10,ZAF,,
87.5821,1921,11,ZAF,,
81.5227,1921,12,ZAF,,
53.4343,1922,1,ZAF,,
33.5413,1922,2,ZAF,,
38.1878,1922,3,ZAF,,
12.5524,1922,4,ZAF,,
23.4563,1922,5,ZAF,,
20.5571,1922,6,ZAF,,
7.87437,1922,7,ZAF,,
27.1893,1922,8,ZAF,,
14.2381,1922,9,ZAF,,
39.7905,1922,10,ZAF,,
77.3853,1922,11,ZAF,,
43.4938,1922,12,ZAF,,
112.803,1923,1,ZAF,,
92.1779,1923,2,ZAF,,
44.5749,1923,3,ZAF,,
30.346,1923,4,ZAF,,
22.6853,1923,5,ZAF,,
18.5481,1923,6,ZAF,,
17.9037,1923,7,ZAF,,
8.17071,1923,8,ZAF,,
5.3138,1923,9,ZAF,,
18.9881,1923,10,ZAF,,
46.8528,1923,11,ZAF,,
46.938,1923,12,ZAF,,
51.0009,1924,1,ZAF,,
53.8317,1924,2,ZAF,,
97.2563,1924,3,ZAF,,
15.5787,1924,4,ZAF,,
14.5655,1924,5,ZAF,,
7.43428,1924,6,ZAF,,
6.12445,1924,7,ZAF,,
15.5423,1924,8,ZAF,,
31.1492,1924,9,ZAF,,
32.0401,1924,10,ZAF,,
67.9767,1924,11,ZAF,,
95.6388,1924,12,ZAF,,
61.3596,1925,1,ZAF,,
65.922,1925,2,ZAF,,
145.756,1925,3,ZAF,,
60.2048,1925,4,ZAF,,
33.6859,1925,5,ZAF,,
26.1368,1925,6,ZAF,,
16.506,1925,7,ZAF,,
6.52467,1925,8,ZAF,,
41.6334,1925,9,ZAF,,
24.8776,1925,10,ZAF,,
38.6226,1925,11,ZAF,,
38.7229,1925,12,ZAF,,
44.1156,1926,1,ZAF,,
48.4914,1926,2,ZAF,,
58.7476,1926,3,ZAF,,
15.0653,1926,4,ZAF,,
19.1951,1926,5,ZAF,,
14.4112,1926,6,ZAF,,
11.8093,1926,7,ZAF,,
4.39662,1926,8,ZAF,,
27.1856,1926,9,ZAF,,
31.5468,1926,10,ZAF,,
52.2995,1926,11,ZAF,,
48.2483,1926,12,ZAF,,
44.5035,1927,1,ZAF,,
51.6184,1927,2,ZAF,,
71.0921,1927,3,ZAF,,
21.9542,1927,4,ZAF,,
9.88765,1927,5,ZAF,,
4.13323,1927,6,ZAF,,
15.5841,1927,7,ZAF,,
15.5502,1927,8,ZAF,,
6.44428,1927,9,ZAF,,
53.4362,1927,10,ZAF,,
28.5976,1927,11,ZAF,,
57.7864,1927,12,ZAF,,
85.7965,1928,1,ZAF,,
46.8769,1928,2,ZAF,,
78.7197,1928,3,ZAF,,
26.2516,1928,4,ZAF,,
6.04377,1928,5,ZAF,,
8.11241,1928,6,ZAF,,
3.9049,1928,7,ZAF,,
16.5729,1928,8,ZAF,,
28.9993,1928,9,ZAF,,
28.2745,1928,10,ZAF,,
49.3245,1928,11,ZAF,,
52.4594,1928,12,ZAF,,
60.429,1929,1,ZAF,,
44.2813,1929,2,ZAF,,
90.6943,1929,3,ZAF,,
19.3696,1929,4,ZAF,,
17.618,1929,5,ZAF,,
27.3061,1929,6,ZAF,,
21.4469,1929,7,ZAF,,
19.3624,1929,8,ZAF,,
60.4665,1929,9,ZAF,,
44.698,1929,10,ZAF,,
55.4463,1929,11,ZAF,,
73.9798,1929,12,ZAF,,
71.154,1930,1,ZAF,,
56.5721,1930,2,ZAF,,
60.9926,1930,3,ZAF,,
28.6188,1930,4,ZAF,,
11.31,1930,5,ZAF,,
10.2696,1930,6,ZAF,,
7.97062,1930,7,ZAF,,
25.7443,1930,8,ZAF,,
17.397,1930,9,ZAF,,
24.5188,1930,10,ZAF,,
33.6212,1930,11,ZAF,,
58.7864,1930,12,ZAF,,
81.7515,1931,1,ZAF,,
48.3448,1931,2,ZAF,,
57.8373,1931,3,ZAF,,
47.8238,1931,4,ZAF,,
4.03319,1931,5,ZAF,,
4.91983,1931,6,ZAF,,
30.9685,1931,7,ZAF,,
8.86277,1931,8,ZAF,,
8.69526,1931,9,ZAF,,
40.3694,1931,10,ZAF,,
57.7718,1931,11,ZAF,,
54.5543,1931,12,ZAF,,
41.3729,1932,1,ZAF,,
80.0008,1932,2,ZAF,,
59.1679,1932,3,ZAF,,
18.1398,1932,4,ZAF,,
24.4785,1932,5,ZAF,,
11.4222,1932,6,ZAF,,
9.01652,1932,7,ZAF,,
3.97126,1932,8,ZAF,,
37.2653,1932,9,ZAF,,
26.8652,1932,10,ZAF,,
43.4007,1932,11,ZAF,,
57.4316,1932,12,ZAF,,
45.0517,1933,1,ZAF,,
33.2799,1933,2,ZAF,,
43.1197,1933,3,ZAF,,
23.4051,1933,4,ZAF,,
7.01089,1933,5,ZAF,,
12.2649,1933,6,ZAF,,
11.4423,1933,7,ZAF,,
16.2086,1933,8,ZAF,,
8.53088,1933,9,ZAF,,
12.3005,1933,10,ZAF,,
93.4784,1933,11,ZAF,,
85.2166,1933,12,ZAF,,
107.236,1934,1,ZAF,,
68.8687,1934,2,ZAF,,
69.3133,1934,3,ZAF,,
33.2353,1934,4,ZAF,,
26.255,1934,5,ZAF,,
8.26158,1934,6,ZAF,,
20.6516,1934,7,ZAF,,
13.8889,1934,8,ZAF,,
10.7297,1934,9,ZAF,,
47.5384,1934,10,ZAF,,
85.7081,1934,11,ZAF,,
70.2373,1934,12,ZAF,,
37.9203,1935,1,ZAF,,
52.8762,1935,2,ZAF,,
60.9362,1935,3,ZAF,,
37.8656,1935,4,ZAF,,
40.8441,1935,5,ZAF,,
17.4517,1935,6,ZAF,,
7.78507,1935,7,ZAF,,
15.5144,1935,8,ZAF,,
17.0576,1935,9,ZAF,,
17.9543,1935,10,ZAF,,
31.8576,1935,11,ZAF,,
44.1942,1935,12,ZAF,,
61.598,1936,1,ZAF,,
65.5988,1936,2,ZAF,,
87.1036,1936,3,ZAF,,
16.6612,1936,4,ZAF,,
39.1554,1936,5,ZAF,,
4.16373,1936,6,ZAF,,
12.8046,1936,7,ZAF,,
5.89952,1936,8,ZAF,,
25.1637,1936,9,ZAF,,
41.6519,1936,10,ZAF,,
98.4558,1936,11,ZAF,,
41.4837,1936,12,ZAF,,
91.2055,1937,1,ZAF,,
94.5761,1937,2,ZAF,,
44.5897,1937,3,ZAF,,
18.2614,1937,4,ZAF,,
8.09763,1937,5,ZAF,,
9.60635,1937,6,ZAF,,
13.3719,1937,7,ZAF,,
3.96416,1937,8,ZAF,,
15.4722,1937,9,ZAF,,
25.7707,1937,10,ZAF,,
28.7419,1937,11,ZAF,,
90.517,1937,12,ZAF,,
67.1246,1938,1,ZAF,,
61.4746,1938,2,ZAF,,
28.7569,1938,3,ZAF,,
53.8902,1938,4,ZAF,,
11.3875,1938,5,ZAF,,
20.0939,1938,6,ZAF,,
13.7075,1938,7,ZAF,,
11.7003,1938,8,ZAF,,
17.5171,1938,9,ZAF,,
51.0764,1938,10,ZAF,,
44.4204,1938,11,ZAF,,
80.6946,1938,12,ZAF,,
76.0601,1939,1,ZAF,,
128.877,1939,2,ZAF,,
51.3557,1939,3,ZAF,,
16.9987,1939,4,ZAF,,
23.9198,1939,5,ZAF,,
6.76255,1939,6,ZAF,,
27.6779,1939,7,ZAF,,
37.5244,1939,8,ZAF,,
26.6968,1939,9,ZAF,,
49.1112,1939,10,ZAF,,
72.7049,1939,11,ZAF,,
48.5304,1939,12,ZAF,,
50.7429,1940,1,ZAF,,
61.6644,1940,2,ZAF,,
85.3839,1940,3,ZAF,,
33.061,1940,4,ZAF,,
24.7851,1940,5,ZAF,,
22.5905,1940,6,ZAF,,
8.94729,1940,7,ZAF,,
5.72049,1940,8,ZAF,,
47.3684,1940,9,ZAF,,
17.9686,1940,10,ZAF,,
64.744,1940,11,ZAF,,
70.327,1940,12,ZAF,,
80.0443,1941,1,ZAF,,
74.0493,1941,2,ZAF,,
32.3059,1941,3,ZAF,,
54.7274,1941,4,ZAF,,
12.8527,1941,5,ZAF,,
14.3649,1941,6,ZAF,,
10.5123,1941,7,ZAF,,
13.7427,1941,8,ZAF,,
18.0946,1941,9,ZAF,,
42.4465,1941,10,ZAF,,
20.3399,1941,11,ZAF,,
46.5413,1941,12,ZAF,,
72.7407,1942,1,ZAF,,
53.2566,1942,2,ZAF,,
85.5446,1942,3,ZAF,,
30.5748,1942,4,ZAF,,
26.8051,1942,5,ZAF,,
18.1213,1942,6,ZAF,,
4.63438,1942,7,ZAF,,
21.15,1942,8,ZAF,,
21.5934,1942,9,ZAF,,
62.466,1942,10,ZAF,,
58.5063,1942,11,ZAF,,
84.8956,1942,12,ZAF,,
55.9271,1943,1,ZAF,,
42.9589,1943,2,ZAF,,
64.9196,1943,3,ZAF,,
80.1486,1943,4,ZAF,,
29.8671,1943,5,ZAF,,
10.3726,1943,6,ZAF,,
19.3942,1943,7,ZAF,,
40.2201,1943,8,ZAF,,
21.3552,1943,9,ZAF,,
48.7961,1943,10,ZAF,,
103.847,1943,11,ZAF,,
74.2335,1943,12,ZAF,,
61.1603,1944,1,ZAF,,
94.0596,1944,2,ZAF,,
55.2339,1944,3,ZAF,,
12.3521,1944,4,ZAF,,
23.4162,1944,5,ZAF,,
29.0308,1944,6,ZAF,,
7.7855,1944,7,ZAF,,
9.83026,1944,8,ZAF,,
41.1219,1944,9,ZAF,,
46.5855,1944,10,ZAF,,
37.04,1944,11,ZAF,,
19.8017,1944,12,ZAF,,
55.9011,1945,1,ZAF,,
46.8928,1945,2,ZAF,,
85.0826,1945,3,ZAF,,
18.7764,1945,4,ZAF,,
19.9525,1945,5,ZAF,,
11.7362,1945,6,ZAF,,
13.9157,1945,7,ZAF,,
7.65178,1945,8,ZAF,,
3.71356,1945,9,ZAF,,
27.9479,1945,10,ZAF,,
27.5781,1945,11,ZAF,,
32.5682,1945,12,ZAF,,
90.7937,1946,1,ZAF,,
69.9765,1946,2,ZAF,,
64.1521,1946,3,ZAF,,
34.2287,1946,4,ZAF,,
24.4757,1946,5,ZAF,,
6.32538,1946,6,ZAF,,
6.26018,1946,7,ZAF,,
4.78813,1946,8,ZAF,,
14.3717,1946,9,ZAF,,
38.3367,1946,10,ZAF,,
43.3595,1946,11,ZAF,,
43.3314,1946,12,ZAF,,
48.6287,1947,1,ZAF,,
53.5083,1947,2,ZAF,,
66.1879,1947,3,ZAF,,
36.8384,1947,4,ZAF,,
16.0933,1947,5,ZAF,,
13.4203,1947,6,ZAF,,
16.3655,1947,7,ZAF,,
5.45615,1947,8,ZAF,,
28.5624,1947,9,ZAF,,
31.6071,1947,10,ZAF,,
57.2746,1947,11,ZAF,,
82.8169,1947,12,ZAF,,
63.3329,1948,1,ZAF,,
63.9801,1948,2,ZAF,,
107.295,1948,3,ZAF,,
52.5839,1948,4,ZAF,,
11.5805,1948,5,ZAF,,
4.33398,1948,6,ZAF,,
10.2523,1948,7,ZAF,,
3.80431,1948,8,ZAF,,
14.1214,1948,9,ZAF,,
45.4137,1948,10,ZAF,,
44.1821,1948,11,ZAF,,
30.8615,1948,12,ZAF,,
68.2568,1949,1,ZAF,,
44.3078,1949,2,ZAF,,
46.9015,1949,3,ZAF,,
27.0372,1949,4,ZAF,,
16.3854,1949,5,ZAF,,
9.18893,1949,6,ZAF,,
6.78191,1949,7,ZAF,,
9.8457,1949,8,ZAF,,
16.2361,1949,9,ZAF,,
28.6982,1949,10,ZAF,,
66.8858,1949,11,ZAF,,
73.6216,1949,12,ZAF,,
49.2407,1950,1,ZAF,,
60.9578,1950,2,ZAF,,
78.3416,1950,3,ZAF,,
63.834,1950,4,ZAF,,
41.0569,1950,5,ZAF,,
6.15381,1950,6,ZAF,,
16.7536,1950,7,ZAF,,
24.3658,1950,8,ZAF,,
23.275,1950,9,ZAF,,
28.6859,1950,10,ZAF,,
43.5057,1950,11,ZAF,,
93.5829,1950,12,ZAF,,
55.8028,1951,1,ZAF,,
41.5469,1951,2,ZAF,,
51.7766,1951,3,ZAF,,
38.1135,1951,4,ZAF,,
23.7131,1951,5,ZAF,,
14.3119,1951,6,ZAF,,
12.5083,1951,7,ZAF,,
18.5386,1951,8,ZAF,,
24.7418,1951,9,ZAF,,
53.3389,1951,10,ZAF,,
16.0585,1951,11,ZAF,,
38.2143,1951,12,ZAF,,
44.2847,1952,1,ZAF,,
78.1465,1952,2,ZAF,,
34.293,1952,3,ZAF,,
23.7829,1952,4,ZAF,,
15.126,1952,5,ZAF,,
12.1784,1952,6,ZAF,,
28.5521,1952,7,ZAF,,
14.3145,1952,8,ZAF,,
25.2918,1952,9,ZAF,,
26.9849,1952,10,ZAF,,
62.3891,1952,11,ZAF,,
69.589,1952,12,ZAF,,
47.5376,1953,1,ZAF,,
96.7793,1953,2,ZAF,,
45.9534,1953,3,ZAF,,
54.0876,1953,4,ZAF,,
12.0695,1953,5,ZAF,,
8.36233,1953,6,ZAF,,
12.0949,1953,7,ZAF,,
16.9399,1953,8,ZAF,,
19.2799,1953,9,ZAF,,
43.3474,1953,10,ZAF,,
75.6766,1953,11,ZAF,,
68.9743,1953,12,ZAF,,
58.2242,1954,1,ZAF,,
58.4702,1954,2,ZAF,,
88.8514,1954,3,ZAF,,
35.048,1954,4,ZAF,,
34.3773,1954,5,ZAF,,
9.3925,1954,6,ZAF,,
14.2296,1954,7,ZAF,,
14.4115,1954,8,ZAF,,
20.7992,1954,9,ZAF,,
27.1278,1954,10,ZAF,,
59.2091,1954,11,ZAF,,
50.0005,1954,12,ZAF,,
108.617,1955,1,ZAF,,
108.918,1955,2,ZAF,,
53.627,1955,3,ZAF,,
43.5681,1955,4,ZAF,,
17.1529,1955,5,ZAF,,
20.2624,1955,6,ZAF,,
12.1879,1955,7,ZAF,,
12.6923,1955,8,ZAF,,
10.1282,1955,9,ZAF,,
41.7827,1955,10,ZAF,,
71.0576,1955,11,ZAF,,
73.1976,1955,12,ZAF,,
38.7484,1956,1,ZAF,,
103.962,1956,2,ZAF,,
97.0846,1956,3,ZAF,,
16.73,1956,4,ZAF,,
31.1163,1956,5,ZAF,,
10.9064,1956,6,ZAF,,
9.32021,1956,7,ZAF,,
8.35571,1956,8,ZAF,,
27.2834,1956,9,ZAF,,
48.9621,1956,10,ZAF,,
53.3369,1956,11,ZAF,,
88.035,1956,12,ZAF,,
57.296,1957,1,ZAF,,
65.8369,1957,2,ZAF,,
65.9632,1957,3,ZAF,,
28.5809,1957,4,ZAF,,
19.4362,1957,5,ZAF,,
26.9047,1957,6,ZAF,,
18.1461,1957,7,ZAF,,
27.934,1957,8,ZAF,,
58.4575,1957,9,ZAF,,
58.1633,1957,10,ZAF,,
38.5319,1957,11,ZAF,,
62.8534,1957,12,ZAF,,
108.188,1958,1,ZAF,,
42.8854,1958,2,ZAF,,
40.8761,1958,3,ZAF,,
38.214,1958,4,ZAF,,
33.2048,1958,5,ZAF,,
6.42752,1958,6,ZAF,,
2.73347,1958,7,ZAF,,
9.91564,1958,8,ZAF,,
28.2881,1958,9,ZAF,,
29.6534,1958,10,ZAF,,
54.6968,1958,11,ZAF,,
90.5753,1958,12,ZAF,,
63.9065,1959,1,ZAF,,
62.8442,1959,2,ZAF,,
36.4927,1959,3,ZAF,,
42.0999,1959,4,ZAF,,
46.19,1959,5,ZAF,,
3.62301,1959,6,ZAF,,
21.0355,1959,7,ZAF,,
14.0897,1959,8,ZAF,,
10.8883,1959,9,ZAF,,
38.3652,1959,10,ZAF,,
48.0941,1959,11,ZAF,,
70.8216,1959,12,ZAF,,
44.0116,1960,1,ZAF,,
57.1271,1960,2,ZAF,,
58.0071,1960,3,ZAF,,
43.6485,1960,4,ZAF,,
17.2459,1960,5,ZAF,,
10.0091,1960,6,ZAF,,
7.8184,1960,7,ZAF,,
19.9156,1960,8,ZAF,,
15.458,1960,9,ZAF,,
32.706,1960,10,ZAF,,
67.7922,1960,11,ZAF,,
83.3306,1960,12,ZAF,,
54.5549,1961,1,ZAF,,
49.1258,1961,2,ZAF,,
94.6694,1961,3,ZAF,,
71.3236,1961,4,ZAF,,
31.5542,1961,5,ZAF,,
29.4334,1961,6,ZAF,,
21.5058,1961,7,ZAF,,
14.5173,1961,8,ZAF,,
20.5409,1961,9,ZAF,,
18.7591,1961,10,ZAF,,
68.2875,1961,11,ZAF,,
47.8174,1961,12,ZAF,,
49.0819,1962,1,ZAF,,
67.8638,1962,2,ZAF,,
54.6996,1962,3,ZAF,,
37.1501,1962,4,ZAF,,
6.28082,1962,5,ZAF,,
16.2084,1962,6,ZAF,,
5.94721,1962,7,ZAF,,
23.9364,1962,8,ZAF,,
9.22049,1962,9,ZAF,,
30.2191,1962,10,ZAF,,
84.3118,1962,11,ZAF,,
47.4076,1962,12,ZAF,,
106.197,1963,1,ZAF,,
31.6801,1963,2,ZAF,,
78.247,1963,3,ZAF,,
52.2994,1963,4,ZAF,,
16.5504,1963,5,ZAF,,
26.1941,1963,6,ZAF,,
26.221,1963,7,ZAF,,
12.4149,1963,8,ZAF,,
5.22049,1963,9,ZAF,,
47.846,1963,10,ZAF,,
72.6299,1963,11,ZAF,,
49.2557,1963,12,ZAF,,
63.2192,1964,1,ZAF,,
40.5166,1964,2,ZAF,,
45.0751,1964,3,ZAF,,
26.0563,1964,4,ZAF,,
5.4358,1964,5,ZAF,,
30.3406,1964,6,ZAF,,
4.20919,1964,7,ZAF,,
13.5133,1964,8,ZAF,,
22.6694,1964,9,ZAF,,
73.7575,1964,10,ZAF,,
39.974,1964,11,ZAF,,
62.7664,1964,12,ZAF,,
53.3146,1965,1,ZAF,,
29.2816,1965,2,ZAF,,
32.9551,1965,3,ZAF,,
46.5802,1965,4,ZAF,,
11.9157,1965,5,ZAF,,
16.1251,1965,6,ZAF,,
17.1987,1965,7,ZAF,,
12.6558,1965,8,ZAF,,
15.7026,1965,9,ZAF,,
33.4745,1965,10,ZAF,,
56.4532,1965,11,ZAF,,
30.2789,1965,12,ZAF,,
85.5065,1966,1,ZAF,,
65.2731,1966,2,ZAF,,
16.0091,1966,3,ZAF,,
17.748,1966,4,ZAF,,
12.8739,1966,5,ZAF,,
12.6103,1966,6,ZAF,,
5.75161,1966,7,ZAF,,
12.4844,1966,8,ZAF,,
20.925,1966,9,ZAF,,
30.2893,1966,10,ZAF,,
38.4155,1966,11,ZAF,,
61.2315,1966,12,ZAF,,
98.1227,1967,1,ZAF,,
84.8676,1967,2,ZAF,,
67.8478,1967,3,ZAF,,
91.4485,1967,4,ZAF,,
37.6269,1967,5,ZAF,,
17.8859,1967,6,ZAF,,
11.7055,1967,7,ZAF,,
11.2301,1967,8,ZAF,,
8.36026,1967,9,ZAF,,
34.1598,1967,10,ZAF,,
51.4348,1967,11,ZAF,,
33.8559,1967,12,ZAF,,
30.4656,1968,1,ZAF,,
27.6499,1968,2,ZAF,,
81.4082,1968,3,ZAF,,
41.1863,1968,4,ZAF,,
31.1497,1968,5,ZAF,,
14.3576,1968,6,ZAF,,
7.16421,1968,7,ZAF,,
14.9009,1968,8,ZAF,,
16.0072,1968,9,ZAF,,
29.2202,1968,10,ZAF,,
43.4417,1968,11,ZAF,,
51.1591,1968,12,ZAF,,
32.729,1969,1,ZAF,,
64.8413,1969,2,ZAF,,
85.973,1969,3,ZAF,,
45.7827,1969,4,ZAF,,
27.5092,1969,5,ZAF,,
7.08558,1969,6,ZAF,,
6.08919,1969,7,ZAF,,
6.83409,1969,8,ZAF,,
17.9908,1969,9,ZAF,,
63.8646,1969,10,ZAF,,
34.9571,1969,11,ZAF,,
48.6363,1969,12,ZAF,,
37.2216,1970,1,ZAF,,
48.4597,1970,2,ZAF,,
19.9225,1970,3,ZAF,,
16.9032,1970,4,ZAF,,
19.9122,1970,5,ZAF,,
22.7387,1970,6,ZAF,,
13.9289,1970,7,ZAF,,
33.4178,1970,8,ZAF,,
19.9537,1970,9,ZAF,,
43.7324,1970,10,ZAF,,
39.841,1970,11,ZAF,,
75.7411,1970,12,ZAF,,
79.5697,1971,1,ZAF,,
57.4711,1971,2,ZAF,,
49.7652,1971,3,ZAF,,
49.9611,1971,4,ZAF,,
31.8534,1971,5,ZAF,,
8.86148,1971,6,ZAF,,
27.3403,1971,7,ZAF,,
24.9358,1971,8,ZAF,,
12.2903,1971,9,ZAF,,
48.7818,1971,10,ZAF,,
51.854,1971,11,ZAF,,
55.0497,1971,12,ZAF,,
113.523,1972,1,ZAF,,
72.387,1972,2,ZAF,,
88.8189,1972,3,ZAF,,
27.3825,1972,4,ZAF,,
17.8437,1972,5,ZAF,,
10.8804,1972,6,ZAF,,
5.41297,1972,7,ZAF,,
8.14982,1972,8,ZAF,,
10.1061,1972,9,ZAF,,
28.4629,1972,10,ZAF,,
44.1,1972,11,ZAF,,
27.7937,1972,12,ZAF,,
37.1214,1973,1,ZAF,,
76.7603,1973,2,ZAF,,
56.1829,1973,3,ZAF,,
50.3289,1973,4,ZAF,,
8.72178,1973,5,ZAF,,
3.25407,1973,6,ZAF,,
14.9685,1973,7,ZAF,,
22.4098,1973,8,ZAF,,
40.499,1973,9,ZAF,,
34.2637,1973,10,ZAF,,
54.5594,1973,11,ZAF,,
86.6539,1973,12,ZAF,,
136.683,1974,1,ZAF,,
109.219,1974,2,ZAF,,
93.632,1974,3,ZAF,,
47.6489,1974,4,ZAF,,
30.0937,1974,5,ZAF,,
15.8327,1974,6,ZAF,,
7.70305,1974,7,ZAF,,
40.6084,1974,8,ZAF,,
13.9004,1974,9,ZAF,,
21.3807,1974,10,ZAF,,
78.9795,1974,11,ZAF,,
56.3363,1974,12,ZAF,,
86.5787,1975,1,ZAF,,
85.7343,1975,2,ZAF,,
72.1865,1975,3,ZAF,,
39.7345,1975,4,ZAF,,
21.9999,1975,5,ZAF,,
14.511,1975,6,ZAF,,
13.0107,1975,7,ZAF,,
11.0106,1975,8,ZAF,,
32.0842,1975,9,ZAF,,
18.5634,1975,10,ZAF,,
60.5045,1975,11,ZAF,,
115.882,1975,12,ZAF,,
125.381,1976,1,ZAF,,
111.823,1976,2,ZAF,,
122.276,1976,3,ZAF,,
45.9576,1976,4,ZAF,,
31.9412,1976,5,ZAF,,
17.1724,1976,6,ZAF,,
13.4479,1976,7,ZAF,,
6.34065,1976,8,ZAF,,
24.8817,1976,9,ZAF,,
71.3132,1976,10,ZAF,,
52.8643,1976,11,ZAF,,
53.3741,1976,12,ZAF,,
70.9318,1977,1,ZAF,,
90.7182,1977,2,ZAF,,
76.623,1977,3,ZAF,,
39.7126,1977,4,ZAF,,
30.5152,1977,5,ZAF,,
11.3364,1977,6,ZAF,,
8.48886,1977,7,ZAF,,
14.6467,1977,8,ZAF,,
47.4635,1977,9,ZAF,,
35.5114,1977,10,ZAF,,
56.0288,1977,11,ZAF,,
72.9554,1977,12,ZAF,,
95.5107,1978,1,ZAF,,
68.6485,1978,2,ZAF,,
73.0019,1978,3,ZAF,,
53.1872,1978,4,ZAF,,
6.51705,1978,5,ZAF,,
6.54791,1978,6,ZAF,,
5.12376,1978,7,ZAF,,
18.4133,1978,8,ZAF,,
24.6175,1978,9,ZAF,,
43.559,1978,10,ZAF,,
41.7975,1978,11,ZAF,,
59.6099,1978,12,ZAF,,
54.2396,1979,1,ZAF,,
57.243,1979,2,ZAF,,
31.379,1979,3,ZAF,,
22.5756,1979,4,ZAF,,
25.0421,1979,5,ZAF,,
9.94591,1979,6,ZAF,,
28.4603,1979,7,ZAF,,
39.8618,1979,8,ZAF,,
17.6224,1979,9,ZAF,,
45.06,1979,10,ZAF,,
51.427,1979,11,ZAF,,
42.6491,1979,12,ZAF,,
60.5648,1980,1,ZAF,,
75.874,1980,2,ZAF,,
44.5416,1980,3,ZAF,,
16.6662,1980,4,ZAF,,
8.59418,1980,5,ZAF,,
9.66687,1980,6,ZAF,,
3.75963,1980,7,ZAF,,
18.3852,1980,8,ZAF,,
46.1414,1980,9,ZAF,,
17.6309,1980,10,ZAF,,
85.2433,1980,11,ZAF,,
55.7543,1980,12,ZAF,,
100.099,1981,1,ZAF,,
83.7342,1981,2,ZAF,,
67.6246,1981,3,ZAF,,
20.3455,1981,4,ZAF,,
26.3051,1981,5,ZAF,,
12.3582,1981,6,ZAF,,
9.42967,1981,7,ZAF,,
49.1886,1981,8,ZAF,,
20.8026,1981,9,ZAF,,
39.3988,1981,10,ZAF,,
49.2275,1981,11,ZAF,,
57.5605,1981,12,ZAF,,
52.2786,1982,1,ZAF,,
35.2068,1982,2,ZAF,,
46.6468,1982,3,ZAF,,
61.6439,1982,4,ZAF,,
6.20244,1982,5,ZAF,,
15.201,1982,6,ZAF,,
20.1926,1982,7,ZAF,,
5.7998,1982,8,ZAF,,
16.2412,1982,9,ZAF,,
61.2988,1982,10,ZAF,,
34.8444,1982,11,ZAF,,
34.6426,1982,12,ZAF,,
40.0246,1983,1,ZAF,,
24.722,1983,2,ZAF,,
40.776,1983,3,ZAF,,
21.7043,1983,4,ZAF,,
28.4345,1983,5,ZAF,,
21.5378,1983,6,ZAF,,
29.2356,1983,7,ZAF,,
10.3455,1983,8,ZAF,,
19.0566,1983,9,ZAF,,
41.7064,1983,10,ZAF,,
80.8367,1983,11,ZAF,,
66.636,1983,12,ZAF,,
62.3019,1984,1,ZAF,,
29.6367,1984,2,ZAF,,
63.6977,1984,3,ZAF,,
26.1991,1984,4,ZAF,,
21.367,1984,5,ZAF,,
13.5844,1984,6,ZAF,,
16.6306,1984,7,ZAF,,
17.2894,1984,8,ZAF,,
16.0113,1984,9,ZAF,,
57.6899,1984,10,ZAF,,
46.4569,1984,11,ZAF,,
31.8004,1984,12,ZAF,,
76.1914,1985,1,ZAF,,
96.3234,1985,2,ZAF,,
41.4325,1985,3,ZAF,,
14.8083,1985,4,ZAF,,
12.6712,1985,5,ZAF,,
11.8739,1985,6,ZAF,,
10.2795,1985,7,ZAF,,
5.461,1985,8,ZAF,,
18.2388,1985,9,ZAF,,
73.7921,1985,10,ZAF,,
54.4114,1985,11,ZAF,,
91.4852,1985,12,ZAF,,
63.1038,1986,1,ZAF,,
40.6024,1986,2,ZAF,,
43.7202,1986,3,ZAF,,
36.552,1986,4,ZAF,,
2.49948,1986,5,ZAF,,
22.6786,1986,6,ZAF,,
6.90742,1986,7,ZAF,,
25.4025,1986,8,ZAF,,
17.5676,1986,9,ZAF,,
63.9367,1986,10,ZAF,,
59.3591,1986,11,ZAF,,
50.0179,1986,12,ZAF,,
40.1078,1987,1,ZAF,,
53.5962,1987,2,ZAF,,
50.179,1987,3,ZAF,,
27.8823,1987,4,ZAF,,
9.66581,1987,5,ZAF,,
13.936,1987,6,ZAF,,
11.7921,1987,7,ZAF,,
24.2927,1987,8,ZAF,,
85.9573,1987,9,ZAF,,
29.4287,1987,10,ZAF,,
62.3673,1987,11,ZAF,,
60.7536,1987,12,ZAF,,
41.0528,1988,1,ZAF,,
127.651,1988,2,ZAF,,
87.5837,1988,3,ZAF,,
54.9068,1988,4,ZAF,,
13.1203,1988,5,ZAF,,
17.8393,1988,6,ZAF,,
8.91672,1988,7,ZAF,,
12.9255,1988,8,ZAF,,
37.8892,1988,9,ZAF,,
59.48,1988,10,ZAF,,
41.3098,1988,11,ZAF,,
90.6775,1988,12,ZAF,,
61.1797,1989,1,ZAF,,
110.378,1989,2,ZAF,,
40.3233,1989,3,ZAF,,
55.2812,1989,4,ZAF,,
13.4527,1989,5,ZAF,,
18.2239,1989,6,ZAF,,
10.0709,1989,7,ZAF,,
9.17506,1989,8,ZAF,,
12.2908,1989,9,ZAF,,
39.0488,1989,10,ZAF,,
87.1435,1989,11,ZAF,,
52.1904,1989,12,ZAF,,
47.6582,1990,1,ZAF,,
57.3875,1990,2,ZAF,,
63.1718,1990,3,ZAF,,
57.7063,1990,4,ZAF,,
10.4257,1990,5,ZAF,,
17.4546,1990,6,ZAF,,
8.13457,1990,7,ZAF,,
12.5752,1990,8,ZAF,,
6.79254,1990,9,ZAF,,
25.0618,1990,10,ZAF,,
22.7407,1990,11,ZAF,,
57.804,1990,12,ZAF,,
113.717,1991,1,ZAF,,
63.15,1991,2,ZAF,,
79.7912,1991,3,ZAF,,
5.92753,1991,4,ZAF,,
10.6128,1991,5,ZAF,,
23.4393,1991,6,ZAF,,
11.3333,1991,7,ZAF,,
4.87694,1991,8,ZAF,,
28.6665,1991,9,ZAF,,
71.7739,1991,10,ZAF,,
37.2828,1991,11,ZAF,,
56.7355,1991,12,ZAF,,
29.3252,1992,1,ZAF,,
37.1748,1992,2,ZAF,,
36.1043,1992,3,ZAF,,
14.4567,1992,4,ZAF,,
4.89625,1992,5,ZAF,,
11.6148,1992,6,ZAF,,
9.81373,1992,7,ZAF,,
22.0714,1992,8,ZAF,,
7.60954,1992,9,ZAF,,
35.6254,1992,10,ZAF,,
54.1272,1992,11,ZAF,,
49.5574,1992,12,ZAF,,
41.1542,1993,1,ZAF,,
60.9931,1993,2,ZAF,,
41.6897,1993,3,ZAF,,
36.1535,1993,4,ZAF,,
12.9808,1993,5,ZAF,,
11.7965,1993,6,ZAF,,
11.217,1993,7,ZAF,,
12.9075,1993,8,ZAF,,
18.3703,1993,9,ZAF,,
61.3099,1993,10,ZAF,,
53.6713,1993,11,ZAF,,
77.1168,1993,12,ZAF,,
76.7241,1994,1,ZAF,,
72.6475,1994,2,ZAF,,
56.0447,1994,3,ZAF,,
18.6393,1994,4,ZAF,,
4.62347,1994,5,ZAF,,
14.4981,1994,6,ZAF,,
13.6903,1994,7,ZAF,,
10.5066,1994,8,ZAF,,
7.41148,1994,9,ZAF,,
29.8253,1994,10,ZAF,,
28.4899,1994,11,ZAF,,
50.3552,1994,12,ZAF,,
68.6747,1995,1,ZAF,,
33.3951,1995,2,ZAF,,
79.1196,1995,3,ZAF,,
29.0664,1995,4,ZAF,,
25.4991,1995,5,ZAF,,
9.84287,1995,6,ZAF,,
7.3696,1995,7,ZAF,,
13.1953,1995,8,ZAF,,
14.8875,1995,9,ZAF,,
45.3688,1995,10,ZAF,,
69.8577,1995,11,ZAF,,
106.253,1995,12,ZAF,,
94.9951,1996,1,ZAF,,
107.292,1996,2,ZAF,,
41.7532,1996,3,ZAF,,
32.621,1996,4,ZAF,,
19.9117,1996,5,ZAF,,
6.39183,1996,6,ZAF,,
26.7414,1996,7,ZAF,,
17.0715,1996,8,ZAF,,
15.4957,1996,9,ZAF,,
50.9236,1996,10,ZAF,,
92.0419,1996,11,ZAF,,
71.3735,1996,12,ZAF,,
75.8443,1997,1,ZAF,,
40.3626,1997,2,ZAF,,
104.291,1997,3,ZAF,,
38.9607,1997,4,ZAF,,
36.1662,1997,5,ZAF,,
26.7482,1997,6,ZAF,,
11.3452,1997,7,ZAF,,
11.5228,1997,8,ZAF,,
18.5827,1997,9,ZAF,,
35.2112,1997,10,ZAF,,
55.8373,1997,11,ZAF,,
36.8281,1997,12,ZAF,,
80.3693,1998,1,ZAF,,
68.8103,1998,2,ZAF,,
62.4085,1998,3,ZAF,,
18.9949,1998,4,ZAF,,
15.391,1998,5,ZAF,,
2.90714,1998,6,ZAF,,
7.94257,1998,7,ZAF,,
13.5682,1998,8,ZAF,,
20.8657,1998,9,ZAF,,
40.2885,1998,10,ZAF,,
82.1206,1998,11,ZAF,,
79.2528,1998,12,ZAF,,
63.7952,1999,1,ZAF,,
44.6645,1999,2,ZAF,,
35.1159,1999,3,ZAF,,
23.9207,1999,4,ZAF,,
28.348,1999,5,ZAF,,
5.36433,1999,6,ZAF,,
12.4046,1999,7,ZAF,,
11.3184,1999,8,ZAF,,
15.6439,1999,9,ZAF,,
42.6219,1999,10,ZAF,,
36.3735,1999,11,ZAF,,
116.431,1999,12,ZAF,,
102.659,2000,1,ZAF,,
102.072,2000,2,ZAF,,
107.652,2000,3,ZAF,,
45.1305,2000,4,ZAF,,
18.4902,2000,5,ZAF,,
9.5164,2000,6,ZAF,,
9.58414,2000,7,ZAF,,
5.53267,2000,8,ZAF,,
34.0571,2000,9,ZAF,,
36.682,2000,10,ZAF,,
67.5411,2000,11,ZAF,,
66.9264,2000,12,ZAF,,
36.2166,2001,1,ZAF,,
54.5417,2001,2,ZAF,,
55.4124,2001,3,ZAF,,
57.0376,2001,4,ZAF,,
19.5565,2001,5,ZAF,,
6.91685,2001,6,ZAF,,
18.9524,2001,7,ZAF,,
19.6571,2001,8,ZAF,,
45.3452,2001,9,ZAF,,
51.1222,2001,10,ZAF,,
103.07,2001,11,ZAF,,
75.8383,2001,12,ZAF,,
68.9674,2002,1,ZAF,,
49.11,2002,2,ZAF,,
30.4093,2002,3,ZAF,,
29.7878,2002,4,ZAF,,
29.5914,2002,5,ZAF,,
15.0966,2002,6,ZAF,,
16.0743,2002,7,ZAF,,
37.3466,2002,8,ZAF,,
23.2372,2002,9,ZAF,,
23.2503,2002,10,ZAF,,
25.7378,2002,11,ZAF,,
67.5211,2002,12,ZAF,,
51.5866,2003,1,ZAF,,
45.143,2003,2,ZAF,,
65.2217,2003,3,ZAF,,
20.6506,2003,4,ZAF,,
15.4383,2003,5,ZAF,,
10.3794,2003,6,ZAF,,
5.91538,2003,7,ZAF,,
16.5849,2003,8,ZAF,,
20.6739,2003,9,ZAF,,
38.4615,2003,10,ZAF,,
36.6203,2003,11,ZAF,,
36.7346,2003,12,ZAF,,
97.4883,2004,1,ZAF,,
73.6275,2004,2,ZAF,,
61.7102,2004,3,ZAF,,
36.0312,2004,4,ZAF,,
6.15042,2004,5,ZAF,,
8.86606,2004,6,ZAF,,
12.0165,2004,7,ZAF,,
11.8172,2004,8,ZAF,,
26.1934,2004,9,ZAF,,
30.0848,2004,10,ZAF,,
27.7879,2004,11,ZAF,,
82.9899,2004,12,ZAF,,
72.9698,2005,1,ZAF,,
58.1974,2005,2,ZAF,,
50.3167,2005,3,ZAF,,
47.8245,2005,4,ZAF,,
16.4693,2005,5,ZAF,,
9.65229,2005,6,ZAF,,
2.90478,2005,7,ZAF,,
8.26032,2005,8,ZAF,,
6.05841,2005,9,ZAF,,
22.4905,2005,10,ZAF,,
54.1941,2005,11,ZAF,,
42.8617,2005,12,ZAF,,
87.4564,2006,1,ZAF,,
113.98,2006,2,ZAF,,
61.3572,2006,3,ZAF,,
46.564,2006,4,ZAF,,
30.3955,2006,5,ZAF,,
6.96505,2006,6,ZAF,,
7.96339,2006,7,ZAF,,
45.6908,2006,8,ZAF,,
11.366,2006,9,ZAF,,
35.417,2006,10,ZAF,,
58.9723,2006,11,ZAF,,
81.8916,2006,12,ZAF,,
34.398,2007,1,ZAF,,
27.2268,2007,2,ZAF,,
52.9355,2007,3,ZAF,,
39.7746,2007,4,ZAF,,
12.0865,2007,5,ZAF,,
21.8579,2007,6,ZAF,,
10.273,2007,7,ZAF,,
7.71507,2007,8,ZAF,,
26.9399,2007,9,ZAF,,
52.8631,2007,10,ZAF,,
65.5046,2007,11,ZAF,,
59.0719,2007,12,ZAF,,
83.7267,2008,1,ZAF,,
45.6874,2008,2,ZAF,,
54.0657,2008,3,ZAF,,
21.9429,2008,4,ZAF,,
23.8575,2008,5,ZAF,,
21.6167,2008,6,ZAF,,
11.8742,2008,7,ZAF,,
9.73439,2008,8,ZAF,,
12.6286,2008,9,ZAF,,
20.724,2008,10,ZAF,,
69.7743,2008,11,ZAF,,
53.838,2008,12,ZAF,,
79.1137,2009,1,ZAF,,
90.6474,2009,2,ZAF,,
30.7291,2009,3,ZAF,,
17.3645,2009,4,ZAF,,
15.1556,2009,5,ZAF,,
26.6185,2009,6,ZAF,,
12.526,2009,7,ZAF,,
12.8889,2009,8,ZAF,,
18.8758,2009,9,ZAF,,
52.208,2009,10,ZAF,,
75.1121,2009,11,ZAF,,
51.5783,2009,12,ZAF,,
102.581,2010,1,ZAF,,
65.1871,2010,2,ZAF,,
42.9904,2010,3,ZAF,,
32.9119,2010,4,ZAF,,
17.6176,2010,5,ZAF,,
10.888,2010,6,ZAF,,
8.44029,2010,7,ZAF,,
5.25173,2010,8,ZAF,,
5.41944,2010,9,ZAF,,
34.7314,2010,10,ZAF,,
56.3986,2010,11,ZAF,,
83.9725,2010,12,ZAF,,
105.974,2011,1,ZAF,,
72.2788,2011,2,ZAF,,
66.3148,2011,3,ZAF,,
60.2157,2011,4,ZAF,,
38.9432,2011,5,ZAF,,
32.5319,2011,6,ZAF,,
16.5844,2011,7,ZAF,,
16.1018,2011,8,ZAF,,
5.87221,2011,9,ZAF,,
26.2993,2011,10,ZAF,,
52.2812,2011,11,ZAF,,
58.8665,2011,12,ZAF,,
45.0159,2012,1,ZAF,,
64.0444,2012,2,ZAF,,
55.6964,2012,3,ZAF,,
23.4256,2012,4,ZAF,,
3.4776,2012,5,ZAF,,
23.4023,2012,6,ZAF,,
18.7266,2012,7,ZAF,,
10.8775,2012,8,ZAF,,
32.0427,2012,9,ZAF,,
75.1647,2012,10,ZAF,,
29.2712,2012,11,ZAF,,
83.3777,2012,12,ZAF,,
62.6002,2013,1,ZAF,,
35.4779,2013,2,ZAF,,
55.7642,2013,3,ZAF,,
33.6637,2013,4,ZAF,,
7.7039,2013,5,ZAF,,
11.1953,2013,6,ZAF,,
9.62866,2013,7,ZAF,,
13.8296,2013,8,ZAF,,
6.50278,2013,9,ZAF,,
36.465,2013,10,ZAF,,
52.758,2013,11,ZAF,,
95.0426,2013,12,ZAF,,
54.9551,2014,1,ZAF,,
106.486,2014,2,ZAF,,
58.2508,2014,3,ZAF,,
34.294,2014,4,ZAF,,
14.5883,2014,5,ZAF,,
8.88728,2014,6,ZAF,,
8.01769,2014,7,ZAF,,
15.7856,2014,8,ZAF,,
11.6591,2014,9,ZAF,,
15.5017,2014,10,ZAF,,
68.9355,2014,11,ZAF,,
84.1863,2014,12,ZAF,,
37.478,2015,1,ZAF,,
35.6441,2015,2,ZAF,,
57.5323,2015,3,ZAF,,
34.3128,2015,4,ZAF,,
5.41119,2015,5,ZAF,,
27.36,2015,6,ZAF,,
19.9437,2015,7,ZAF,,
19.6669,2015,8,ZAF,,
23.2621,2015,9,ZAF,,
22.8417,2015,10,ZAF,,
35.8368,2015,11,ZAF,,
19.5182,2015,12,ZAF,,
