Time;pr
1901-01-31;0.06615
1901-02-28;0.55797
1901-03-31;1.28131
1901-04-30;6.06245
1901-05-31;26.0014
1901-06-30;37.0726
1901-07-31;73.0813
1901-08-31;106.625
1901-09-30;58.6696
1901-10-31;16.334
1901-11-30;0.87561
1901-12-31;0.16809
1902-01-31;0.06471
1902-02-28;0.46906
1902-03-31;1.3176
1902-04-30;5.94029
1902-05-31;28.2813
1902-06-30;31.6287
1902-07-31;70.2417
1902-08-31;103.919
1902-09-30;40.7116
1902-10-31;19.536
1902-11-30;1.03012
1902-12-31;0.13465
1903-01-31;0.1138
1903-02-28;0.46749
1903-03-31;1.00293
1903-04-30;5.63226
1903-05-31;22.3637
1903-06-30;38.8726
1903-07-31;86.2067
1903-08-31;119.003
1903-09-30;44.508
1903-10-31;10.9119
1903-11-30;2.64525
1903-12-31;0.139
1904-01-31;0.08089
1904-02-29;0.46934
1904-03-31;0.79579
1904-04-30;3.20925
1904-05-31;19.4842
1904-06-30;53.9322
1904-07-31;84.5988
1904-08-31;101.08
1904-09-30;42.9062
1904-10-31;18.08
1904-11-30;0.85641
1904-12-31;0.13881
1905-01-31;0.05121
1905-02-28;0.3966
1905-03-31;3.81514
1905-04-30;4.34151
1905-05-31;20.9484
1905-06-30;53.6164
1905-07-31;113.165
1905-08-31;102.668
1905-09-30;84.1814
1905-10-31;38.3284
1905-11-30;0.64314
1905-12-31;0.01731
1906-01-31;0.21898
1906-02-28;0.64531
1906-03-31;0.51088
1906-04-30;5.20117
1906-05-31;36.9309
1906-06-30;40.1608
1906-07-31;124.787
1906-08-31;155.884
1906-09-30;58.0518
1906-10-31;20.5161
1906-11-30;3.62656
1906-12-31;0.15204
1907-01-31;0.02506
1907-02-28;0.31978
1907-03-31;0.9156
1907-04-30;3.96255
1907-05-31;13.8722
1907-06-30;47.8802
1907-07-31;59.9743
1907-08-31;95.438
1907-09-30;72.8732
1907-10-31;23.1551
1907-11-30;0.98195
1907-12-31;0.01675
1908-01-31;0.02226
1908-02-29;0.32783
1908-03-31;1.45582
1908-04-30;3.66631
1908-05-31;10.3157
1908-06-30;47.2894
1908-07-31;79.0714
1908-08-31;126.263
1908-09-30;72.6616
1908-10-31;8.16888
1908-11-30;1.44712
1908-12-31;0.00589
1909-01-31;0.0834
1909-02-28;0.6853
1909-03-31;1.61857
1909-04-30;10.792
1909-05-31;24.5285
1909-06-30;64.3897
1909-07-31;102.957
1909-08-31;116.42
1909-09-30;66.4631
1909-10-31;11.1271
1909-11-30;0.34484
1909-12-31;0.10683
1910-01-31;0.0152
1910-02-28;0.62386
1910-03-31;0.75664
1910-04-30;2.79568
1910-05-31;12.609
1910-06-30;35.7194
1910-07-31;86.2445
1910-08-31;93.2872
1910-09-30;62.3492
1910-10-31;9.0319
1910-11-30;0.08692
1910-12-31;0.05468
1911-01-31;0.01533
1911-02-28;0.29118
1911-03-31;0.79823
1911-04-30;5.88559
1911-05-31;33.939
1911-06-30;40.0984
1911-07-31;80.9738
1911-08-31;84.5383
1911-09-30;52.3537
1911-10-31;13.7238
1911-11-30;1.93396
1911-12-31;0.08395
1912-01-31;0.03355
1912-02-29;0.42515
1912-03-31;0.41821
1912-04-30;1.80316
1912-05-31;6.13639
1912-06-30;39.1555
1912-07-31;80.0486
1912-08-31;95.5238
1912-09-30;49.5511
1912-10-31;16.4348
1912-11-30;0.51978
1912-12-31;0.01351
1913-01-31;0.03852
1913-02-28;0.30376
1913-03-31;1.22011
1913-04-30;5.1037
1913-05-31;10.8516
1913-06-30;39.9679
1913-07-31;66.3278
1913-08-31;116.959
1913-09-30;38.5297
1913-10-31;11.5452
1913-11-30;1.28895
1913-12-31;0.27514
1914-01-31;0.02625
1914-02-28;0.29164
1914-03-31;0.92785
1914-04-30;2.82568
1914-05-31;13.3072
1914-06-30;37.4592
1914-07-31;71.6831
1914-08-31;96.9409
1914-09-30;62.3438
1914-10-31;25.3683
1914-11-30;3.14965
1914-12-31;0.00577
1915-01-31;0.01467
1915-02-28;0.34173
1915-03-31;1.52093
1915-04-30;4.75495
1915-05-31;17.1223
1915-06-30;45.7333
1915-07-31;93.8789
1915-08-31;110.876
1915-09-30;62.5937
1915-10-31;14.7462
1915-11-30;1.73647
1915-12-31;0.09078
1916-01-31;0.01471
1916-02-29;0.45549
1916-03-31;1.95238
1916-04-30;3.72695
1916-05-31;12.2058
1916-06-30;45.7645
1916-07-31;85.9897
1916-08-31;119.001
1916-09-30;56.0661
1916-10-31;12.599
1916-11-30;0.86394
1916-12-31;0.13704
1917-01-31;0.02492
1917-02-28;0.43645
1917-03-31;1.70367
1917-04-30;4.12302
1917-05-31;11.2607
1917-06-30;36.5527
1917-07-31;84.8742
1917-08-31;118.476
1917-09-30;57.8509
1917-10-31;16.1549
1917-11-30;1.52203
1917-12-31;0.27859
1918-01-31;0.04194
1918-02-28;0.32138
1918-03-31;1.21335
1918-04-30;4.94588
1918-05-31;26.8353
1918-06-30;53.986
1918-07-31;96.0608
1918-08-31;125.784
1918-09-30;60.4826
1918-10-31;12.3327
1918-11-30;1.29811
1918-12-31;0.11081
1919-01-31;0.02893
1919-02-28;0.45262
1919-03-31;1.09959
1919-04-30;7.49573
1919-05-31;30.061
1919-06-30;35.0302
1919-07-31;74.4048
1919-08-31;97.5266
1919-09-30;58.6158
1919-10-31;14.6266
1919-11-30;0.43307
1919-12-31;0.04728
1920-01-31;0.01822
1920-02-29;0.31504
1920-03-31;0.36708
1920-04-30;4.63355
1920-05-31;18.6465
1920-06-30;43.0124
1920-07-31;78.6318
1920-08-31;138.15
1920-09-30;63.2005
1920-10-31;6.7047
1920-11-30;1.28273
1920-12-31;0.01391
1921-01-31;0.03906
1921-02-28;0.74218
1921-03-31;2.96801
1921-04-30;4.64467
1921-05-31;12.7223
1921-06-30;30.9041
1921-07-31;64.0139
1921-08-31;112.148
1921-09-30;54.9285
1921-10-31;10.2138
1921-11-30;3.09731
1921-12-31;0.02633
1922-01-31;0.09174
1922-02-28;0.36097
1922-03-31;1.17641
1922-04-30;6.94916
1922-05-31;11.4229
1922-06-30;29.6882
1922-07-31;84.7791
1922-08-31;119.082
1922-09-30;83.5116
1922-10-31;19.9918
1922-11-30;2.43673
1922-12-31;0.03799
1923-01-31;0.00411
1923-02-28;0.30624
1923-03-31;1.25644
1923-04-30;18.3883
1923-05-31;8.66686
1923-06-30;29.5627
1923-07-31;89.6687
1923-08-31;105.044
1923-09-30;55.2579
1923-10-31;16.49
1923-11-30;1.87423
1923-12-31;0.2187
1924-01-31;0.20594
1924-02-29;0.54393
1924-03-31;1.3533
1924-04-30;5.01792
1924-05-31;11.6854
1924-06-30;46.7376
1924-07-31;104.56
1924-08-31;118.351
1924-09-30;75.8962
1924-10-31;12.8902
1924-11-30;0.6568
1924-12-31;0.00624
1925-01-31;0.11204
1925-02-28;0.14953
1925-03-31;1.23665
1925-04-30;4.14851
1925-05-31;11.2653
1925-06-30;30.2959
1925-07-31;79.3825
1925-08-31;115.992
1925-09-30;59.7216
1925-10-31;24.3656
1925-11-30;0.35375
1925-12-31;0.0241
1926-01-31;0.11527
1926-02-28;0.15695
1926-03-31;1.36121
1926-04-30;1.76238
1926-05-31;16.3199
1926-06-30;51.36
1926-07-31;79.2847
1926-08-31;85.5522
1926-09-30;43.4433
1926-10-31;9.62202
1926-11-30;2.52751
1926-12-31;0.05167
1927-01-31;0.15503
1927-02-28;0.20963
1927-03-31;0.29294
1927-04-30;15.8042
1927-05-31;21.4588
1927-06-30;45.2151
1927-07-31;80.0545
1927-08-31;123.371
1927-09-30;66.7984
1927-10-31;27.8058
1927-11-30;1.68153
1927-12-31;0.0095
1928-01-31;0.00761
1928-02-29;0.11647
1928-03-31;1.36605
1928-04-30;9.27985
1928-05-31;16.2726
1928-06-30;36.1694
1928-07-31;73.8132
1928-08-31;147.424
1928-09-30;51.4468
1928-10-31;23.2618
1928-11-30;0.67414
1928-12-31;0.00685
1929-01-31;0.00455
1929-02-28;0.19054
1929-03-31;1.61949
1929-04-30;5.83035
1929-05-31;24.4301
1929-06-30;50.4484
1929-07-31;69.6972
1929-08-31;122.339
1929-09-30;57.7398
1929-10-31;17.981
1929-11-30;0.75667
1929-12-31;0.00602
1930-01-31;0.00626
1930-02-28;0.50799
1930-03-31;0.57649
1930-04-30;8.78406
1930-05-31;22.044
1930-06-30;37.8503
1930-07-31;85.9937
1930-08-31;115.61
1930-09-30;64.7603
1930-10-31;16.4867
1930-11-30;0.49353
1930-12-31;0.05965
1931-01-31;0.07546
1931-02-28;0.79346
1931-03-31;0.63287
1931-04-30;8.82368
1931-05-31;21.8988
1931-06-30;46.8922
1931-07-31;93.1949
1931-08-31;78.8901
1931-09-30;80.3726
1931-10-31;12.8087
1931-11-30;1.2656
1931-12-31;0.0371
1932-01-31;0.01054
1932-02-29;0.48024
1932-03-31;1.73714
1932-04-30;3.59719
1932-05-31;22.3927
1932-06-30;37.1332
1932-07-31;93.3395
1932-08-31;119.609
1932-09-30;63.4609
1932-10-31;13.877
1932-11-30;1.82527
1932-12-31;0.00874
1933-01-31;0.01435
1933-02-28;0.73857
1933-03-31;1.59135
1933-04-30;6.6866
1933-05-31;22.3686
1933-06-30;61.2627
1933-07-31;91.0739
1933-08-31;123.515
1933-09-30;58.6481
1933-10-31;14.0512
1933-11-30;3.46505
1933-12-31;0.37557
1934-01-31;0.00434
1934-02-28;0.13563
1934-03-31;2.73594
1934-04-30;4.51205
1934-05-31;4.14904
1934-06-30;43.447
1934-07-31;81.9357
1934-08-31;128.916
1934-09-30;67.6472
1934-10-31;12.6541
1934-11-30;0.70044
1934-12-31;0.01829
1935-01-31;0.07324
1935-02-28;0.22868
1935-03-31;2.01571
1935-04-30;6.81564
1935-05-31;12.2933
1935-06-30;48.4904
1935-07-31;88.3871
1935-08-31;142.718
1935-09-30;69.2149
1935-10-31;15.9932
1935-11-30;1.54443
1935-12-31;0.04357
1936-01-31;0.00474
1936-02-29;0.49945
1936-03-31;0.17254
1936-04-30;8.34525
1936-05-31;19.7544
1936-06-30;48.2489
1936-07-31;93.1695
1936-08-31;160.191
1936-09-30;69.2623
1936-10-31;14.9878
1936-11-30;1.85571
1936-12-31;0.02135
1937-01-31;0.00471
1937-02-28;0.33239
1937-03-31;1.06147
1937-04-30;2.34436
1937-05-31;12.5769
1937-06-30;27.0417
1937-07-31;84.3567
1937-08-31;109.03
1937-09-30;59.4944
1937-10-31;14.1026
1937-11-30;1.91167
1937-12-31;0.05184
1938-01-31;0.01872
1938-02-28;0.23005
1938-03-31;2.22483
1938-04-30;3.84896
1938-05-31;11.1182
1938-06-30;31.1694
1938-07-31;92.4257
1938-08-31;111.549
1938-09-30;63.6487
1938-10-31;19.5462
1938-11-30;0.85117
1938-12-31;0.01128
1939-01-31;0.00825
1939-02-28;0.09863
1939-03-31;2.35699
1939-04-30;1.71075
1939-05-31;26.3198
1939-06-30;34.3559
1939-07-31;79.9103
1939-08-31;134.286
1939-09-30;67.465
1939-10-31;14.7234
1939-11-30;2.2197
1939-12-31;0.22684
1940-01-31;0.09738
1940-02-29;0.09499
1940-03-31;0.56168
1940-04-30;3.81343
1940-05-31;9.91982
1940-06-30;37.0469
1940-07-31;52.2453
1940-08-31;116.976
1940-09-30;65.7334
1940-10-31;27.4009
1940-11-30;1.67917
1940-12-31;0.00649
1941-01-31;0.08524
1941-02-28;0.09863
1941-03-31;1.26687
1941-04-30;3.69722
1941-05-31;19.3393
1941-06-30;41.0104
1941-07-31;83.9214
1941-08-31;83.9
1941-09-30;62.4075
1941-10-31;7.00586
1941-11-30;3.07586
1941-12-31;0.01274
1942-01-31;0.01966
1942-02-28;0.11279
1942-03-31;1.58667
1942-04-30;7.7732
1942-05-31;20.409
1942-06-30;26.9071
1942-07-31;79.6881
1942-08-31;117.911
1942-09-30;35.6294
1942-10-31;18.9772
1942-11-30;1.43078
1942-12-31;0.30249
1943-01-31;0.1068
1943-02-28;0.23446
1943-03-31;1.57224
1943-04-30;4.77854
1943-05-31;16.506
1943-06-30;45.3812
1943-07-31;78.9288
1943-08-31;137.26
1943-09-30;78.8797
1943-10-31;19.0669
1943-11-30;0.26541
1943-12-31;0.11562
1944-01-31;0.00361
1944-02-29;0.13904
1944-03-31;0.71964
1944-04-30;4.84714
1944-05-31;6.56964
1944-06-30;37.395
1944-07-31;62.3493
1944-08-31;100.921
1944-09-30;72.88
1944-10-31;24.4207
1944-11-30;2.00358
1944-12-31;0.35091
1945-01-31;0.0939
1945-02-28;0.18321
1945-03-31;0.20377
1945-04-30;4.4534
1945-05-31;20.5319
1945-06-30;28.125
1945-07-31;84.1038
1945-08-31;148.221
1945-09-30;66.8572
1945-10-31;18.0207
1945-11-30;1.6278
1945-12-31;0.00609
1946-01-31;0.27714
1946-02-28;0.42404
1946-03-31;1.61031
1946-04-30;4.77931
1946-05-31;9.67068
1946-06-30;36.3555
1946-07-31;93.5342
1946-08-31;123.444
1946-09-30;67.2745
1946-10-31;25.7076
1946-11-30;0.86057
1946-12-31;0.01668
1947-01-31;0.04707
1947-02-28;0.80984
1947-03-31;0.06202
1947-04-30;1.65065
1947-05-31;7.70595
1947-06-30;33.3415
1947-07-31;75.4655
1947-08-31;103.807
1947-09-30;65.0502
1947-10-31;11.3227
1947-11-30;1.97355
1947-12-31;0.07144
1948-01-31;0.00244
1948-02-29;0.18014
1948-03-31;0.79429
1948-04-30;13.7536
1948-05-31;15.6771
1948-06-30;59.2578
1948-07-31;79.9648
1948-08-31;99.8729
1948-09-30;47.8091
1948-10-31;11.901
1948-11-30;0.45374
1948-12-31;0.05747
1949-01-31;0.11365
1949-02-28;0.11862
1949-03-31;3.34665
1949-04-30;8.37748
1949-05-31;10.4996
1949-06-30;35.1407
1949-07-31;74.862
1949-08-31;119.642
1949-09-30;40.4056
1949-10-31;8.56246
1949-11-30;2.25765
1949-12-31;0.0299
1950-01-31;0.00683
1950-02-28;0.34902
1950-03-31;0.38982
1950-04-30;4.55497
1950-05-31;12.357
1950-06-30;34.9646
1950-07-31;105.89
1950-08-31;174.186
1950-09-30;86.8218
1950-10-31;22.924
1950-11-30;0.9596
1950-12-31;0.00773
1951-01-31;0.11898
1951-02-28;0.73426
1951-03-31;1.75446
1951-04-30;5.46275
1951-05-31;16.9803
1951-06-30;38.5904
1951-07-31;63.3752
1951-08-31;119.907
1951-09-30;86.3537
1951-10-31;40.3686
1951-11-30;4.40421
1951-12-31;0.16311
1952-01-31;0.05681
1952-02-29;0.2394
1952-03-31;0.37672
1952-04-30;1.64386
1952-05-31;14.6033
1952-06-30;35.6571
1952-07-31;89.1512
1952-08-31;126.422
1952-09-30;104.428
1952-10-31;20.4856
1952-11-30;0.40903
1952-12-31;0.36123
1953-01-31;0.01285
1953-02-28;0.46313
1953-03-31;2.6289
1953-04-30;2.82658
1953-05-31;22.7191
1953-06-30;59.8913
1953-07-31;100.471
1953-08-31;112.025
1953-09-30;69.0186
1953-10-31;18.5197
1953-11-30;1.3208
1953-12-31;0.04825
1954-01-31;0.00295
1954-02-28;0.68206
1954-03-31;1.69012
1954-04-30;8.27807
1954-05-31;16.8355
1954-06-30;49.6683
1954-07-31;106.72
1954-08-31;151.036
1954-09-30;57.3295
1954-10-31;18.3731
1954-11-30;3.68177
1954-12-31;0.01458
1955-01-31;0.02069
1955-02-28;0.58263
1955-03-31;4.11207
1955-04-30;9.34098
1955-05-31;13.5201
1955-06-30;44.3775
1955-07-31;97.4953
1955-08-31;111.425
1955-09-30;76.0424
1955-10-31;18.1422
1955-11-30;0.67966
1955-12-31;0.53998
1956-01-31;0.00912
1956-02-29;0.35683
1956-03-31;2.20361
1956-04-30;5.22059
1956-05-31;13.175
1956-06-30;34.9378
1956-07-31;87.4425
1956-08-31;131.998
1956-09-30;71.6399
1956-10-31;17.4521
1956-11-30;1.94356
1956-12-31;0.08821
1957-01-31;0.00322
1957-02-28;0.43739
1957-03-31;1.37641
1957-04-30;6.24628
1957-05-31;24.6372
1957-06-30;56.1645
1957-07-31;100.705
1957-08-31;118.317
1957-09-30;78.7934
1957-10-31;24.2966
1957-11-30;2.46291
1957-12-31;0.3535
1958-01-31;0.23698
1958-02-28;0.12465
1958-03-31;0.85731
1958-04-30;7.00857
1958-05-31;13.4426
1958-06-30;53.0518
1958-07-31;101.302
1958-08-31;145.585
1958-09-30;68.3395
1958-10-31;13.5164
1958-11-30;5.78786
1958-12-31;0.03526
1959-01-31;0.07003
1959-02-28;0.12417
1959-03-31;0.33405
1959-04-30;2.26842
1959-05-31;16.7505
1959-06-30;32.9521
1959-07-31;74.2008
1959-08-31;149.916
1959-09-30;68.9684
1959-10-31;7.21047
1959-11-30;1.42845
1959-12-31;0.01353
1960-01-31;0.00516
1960-02-29;0.09804
1960-03-31;1.18518
1960-04-30;3.4717
1960-05-31;18.1087
1960-06-30;41.2796
1960-07-31;96.0604
1960-08-31;96.2576
1960-09-30;73.0053
1960-10-31;12.3158
1960-11-30;2.98061
1960-12-31;0.03832
1961-01-31;0.00303
1961-02-28;0.09791
1961-03-31;0.3418
1961-04-30;2.93032
1961-05-31;15.0737
1961-06-30;41.8432
1961-07-31;100.78
1961-08-31;126.953
1961-09-30;57.0052
1961-10-31;6.2321
1961-11-30;1.16145
1961-12-31;0.00515
1962-01-31;0.0027
1962-02-28;0.14332
1962-03-31;0.122
1962-04-30;10.0874
1962-05-31;14.6801
1962-06-30;41.449
1962-07-31;84.582
1962-08-31;120.61
1962-09-30;65.2525
1962-10-31;20.155
1962-11-30;4.20692
1962-12-31;0.01046
1963-01-31;0.0272
1963-02-28;0.52654
1963-03-31;0.73919
1963-04-30;12.2286
1963-05-31;20.583
1963-06-30;35.6436
1963-07-31;68.6967
1963-08-31;112.87
1963-09-30;61.8273
1963-10-31;35.316
1963-11-30;0.72321
1963-12-31;0.01533
1964-01-31;0.02265
1964-02-29;0.09837
1964-03-31;0.78269
1964-04-30;4.5751
1964-05-31;21.4494
1964-06-30;55.1056
1964-07-31;83.0578
1964-08-31;141.201
1964-09-30;61.9738
1964-10-31;9.11239
1964-11-30;1.57385
1964-12-31;1.61999
1965-01-31;0.45143
1965-02-28;0.12823
1965-03-31;0.34499
1965-04-30;3.34885
1965-05-31;9.76373
1965-06-30;58.2401
1965-07-31;62.4444
1965-08-31;139.365
1965-09-30;78.2766
1965-10-31;15.3596
1965-11-30;0.42012
1965-12-31;0.00427
1966-01-31;0.00198
1966-02-28;0.09884
1966-03-31;2.3339
1966-04-30;3.78125
1966-05-31;13.8585
1966-06-30;42.5194
1966-07-31;61.763
1966-08-31;93.0723
1966-09-30;92.8639
1966-10-31;32.2753
1966-11-30;0.63442
1966-12-31;0.02777
1967-01-31;0.00209
1967-02-28;0.77702
1967-03-31;1.96468
1967-04-30;8.06864
1967-05-31;11.2282
1967-06-30;38.2635
1967-07-31;81.3024
1967-08-31;133.554
1967-09-30;69.3502
1967-10-31;14.0667
1967-11-30;2.72537
1967-12-31;0.01906
1968-01-31;0.00206
1968-02-29;1.21701
1968-03-31;2.11678
1968-04-30;12.7282
1968-05-31;16.7764
1968-06-30;38.4431
1968-07-31;79.5982
1968-08-31;88.7793
1968-09-30;58.1137
1968-10-31;11.3116
1968-11-30;2.00012
1968-12-31;0.28149
1969-01-31;0.004
1969-02-28;0.29461
1969-03-31;2.43946
1969-04-30;2.28495
1969-05-31;13.3818
1969-06-30;36.2979
1969-07-31;88.4667
1969-08-31;99.2508
1969-09-30;55.6743
1969-10-31;38.0701
1969-11-30;1.30743
1969-12-31;0.0072
1970-01-31;0.00396
1970-02-28;0.12512
1970-03-31;0.81171
1970-04-30;4.5529
1970-05-31;24.452
1970-06-30;23.5443
1970-07-31;86.6355
1970-08-31;101.798
1970-09-30;56.4826
1970-10-31;7.00329
1970-11-30;0.95471
1970-12-31;0.01222
1971-01-31;0.00612
1971-02-28;1.26257
1971-03-31;2.17568
1971-04-30;8.1366
1971-05-31;8.84104
1971-06-30;28.6765
1971-07-31;73.3154
1971-08-31;124.73
1971-09-30;51.0082
1971-10-31;4.54436
1971-11-30;0.74706
1971-12-31;0.79021
1972-01-31;0.0694
1972-02-29;0.55964
1972-03-31;1.2356
1972-04-30;10.0364
1972-05-31;20.4298
1972-06-30;38.4098
1972-07-31;54.2312
1972-08-31;79.1651
1972-09-30;36.277
1972-10-31;16.9426
1972-11-30;1.72996
1972-12-31;0.03145
1973-01-31;0.00198
1973-02-28;0.11626
1973-03-31;0.56648
1973-04-30;4.36808
1973-05-31;15.6324
1973-06-30;30.4096
1973-07-31;73.0272
1973-08-31;79.9946
1973-09-30;41.5066
1973-10-31;8.73989
1973-11-30;0.42307
1973-12-31;0.25155
1974-01-31;0.00301
1974-02-28;0.09835
1974-03-31;2.57518
1974-04-30;4.10752
1974-05-31;10.0779
1974-06-30;37.8138
1974-07-31;86.8252
1974-08-31;114.423
1974-09-30;54.4469
1974-10-31;12.0348
1974-11-30;0.38925
1974-12-31;0.00815
1975-01-31;0.00428
1975-02-28;0.09945
1975-03-31;2.54821
1975-04-30;3.8632
1975-05-31;21.5796
1975-06-30;32.6991
1975-07-31;95.6694
1975-08-31;97.9848
1975-09-30;57.9584
1975-10-31;11.4545
1975-11-30;2.59007
1975-12-31;0.04343
1976-01-31;0.25544
1976-02-29;0.82078
1976-03-31;1.89081
1976-04-30;7.78182
1976-05-31;21.3658
1976-06-30;33.535
1976-07-31;67.8417
1976-08-31;82.8927
1976-09-30;57.8031
1976-10-31;43.8562
1976-11-30;2.00178
1976-12-31;0.00747
1977-01-31;0.38693
1977-02-28;0.13319
1977-03-31;0.29281
1977-04-30;4.54273
1977-05-31;16.7048
1977-06-30;29.9355
1977-07-31;67.0687
1977-08-31;79.672
1977-09-30;68.4933
1977-10-31;10.4136
1977-11-30;0.07463
1977-12-31;0.01417
1978-01-31;0.02016
1978-02-28;0.31232
1978-03-31;2.33127
1978-04-30;15.5173
1978-05-31;14.4279
1978-06-30;36.5275
1978-07-31;90.201
1978-08-31;73.9184
1978-09-30;67.9586
1978-10-31;21.9283
1978-11-30;0.61125
1978-12-31;0.04368
1979-01-31;0.0314
1979-02-28;0.10019
1979-03-31;1.24084
1979-04-30;1.53356
1979-05-31;25.9265
1979-06-30;47.0512
1979-07-31;61.5335
1979-08-31;86.3107
1979-09-30;58.0471
1979-10-31;15.1461
1979-11-30;2.57322
1979-12-31;0.00769
1980-01-31;0.21171
1980-02-29;1.2253
1980-03-31;0.2385
1980-04-30;4.31582
1980-05-31;10.2677
1980-06-30;39.8315
1980-07-31;80.2829
1980-08-31;108.759
1980-09-30;44.5093
1980-10-31;9.55744
1980-11-30;1.93929
1980-12-31;0.33726
1981-01-31;0.00316
1981-02-28;0.37753
1981-03-31;1.14792
1981-04-30;7.82928
1981-05-31;23.9206
1981-06-30;33.115
1981-07-31;86.2621
1981-08-31;92.2572
1981-09-30;41.9341
1981-10-31;7.9462
1981-11-30;0.18655
1981-12-31;0.00434
1982-01-31;0.01001
1982-02-28;0.37444
1982-03-31;2.79364
1982-04-30;8.38891
1982-05-31;15.8374
1982-06-30;34.7966
1982-07-31;56.8976
1982-08-31;89.0126
1982-09-30;38.9232
1982-10-31;14.3509
1982-11-30;0.1489
1982-12-31;0.13395
1983-01-31;0.00201
1983-02-28;0.80209
1983-03-31;0.33952
1983-04-30;4.53313
1983-05-31;11.8966
1983-06-30;37.2823
1983-07-31;51.7499
1983-08-31;75.4741
1983-09-30;39.336
1983-10-31;4.85639
1983-11-30;0.3503
1983-12-31;0.03142
1984-01-31;0.00719
1984-02-29;0.11221
1984-03-31;1.28089
1984-04-30;5.21053
1984-05-31;20.9476
1984-06-30;28.2351
1984-07-31;58.4668
1984-08-31;52.5784
1984-09-30;47.3414
1984-10-31;13.8037
1984-11-30;3.32935
1984-12-31;0.00427
1985-01-31;0.00677
1985-02-28;0.10357
1985-03-31;0.79787
1985-04-30;3.44099
1985-05-31;5.62583
1985-06-30;35.7544
1985-07-31;78.1569
1985-08-31;85.685
1985-09-30;47.6598
1985-10-31;9.19077
1985-11-30;0.82079
1985-12-31;0.00866
1986-01-31;0.00198
1986-02-28;0.41046
1986-03-31;0.27625
1986-04-30;5.3623
1986-05-31;18.8956
1986-06-30;29.6153
1986-07-31;74.1956
1986-08-31;66.7603
1986-09-30;69.0894
1986-10-31;10.0756
1986-11-30;0.73078
1986-12-31;0.00427
1987-01-31;0.03221
1987-02-28;0.23109
1987-03-31;0.4512
1987-04-30;0.19813
1987-05-31;9.02139
1987-06-30;35.9552
1987-07-31;56.6834
1987-08-31;72.8416
1987-09-30;44.0776
1987-10-31;16.1955
1987-11-30;0.07927
1987-12-31;0.11851
1988-01-31;0.00538
1988-02-29;0.08931
1988-03-31;0.74893
1988-04-30;5.47112
1988-05-31;5.86967
1988-06-30;40.3359
1988-07-31;89.5384
1988-08-31;114.7
1988-09-30;63.0862
1988-10-31;6.66553
1988-11-30;0.48217
1988-12-31;0.00668
1989-01-31;0.00539
1989-02-28;0.66982
1989-03-31;2.87592
1989-04-30;1.78068
1989-05-31;7.53984
1989-06-30;37.3048
1989-07-31;72.0419
1989-08-31;127.416
1989-09-30;39.1739
1989-10-31;14.9486
1989-11-30;0.18904
1989-12-31;0.17793
1990-01-31;0.01838
1990-02-28;0.11461
1990-03-31;0.1217
1990-04-30;5.60418
1990-05-31;12.6694
1990-06-30;31.1772
1990-07-31;82.7234
1990-08-31;66.5072
1990-09-30;43.6074
1990-10-31;10.23
1990-11-30;0.55426
1990-12-31;0.01468
1991-01-31;0.01508
1991-02-28;0.56483
1991-03-31;1.09565
1991-04-30;4.37197
1991-05-31;18.057
1991-06-30;32.4458
1991-07-31;83.0491
1991-08-31;101.548
1991-09-30;39.4421
1991-10-31;21.1805
1991-11-30;0.26743
1991-12-31;0.00648
1992-01-31;0.14817
1992-02-29;0.25789
1992-03-31;0.46225
1992-04-30;2.66652
1992-05-31;18.1347
1992-06-30;36.2081
1992-07-31;75.8543
1992-08-31;98.6662
1992-09-30;45.5277
1992-10-31;8.19965
1992-11-30;0.85145
1992-12-31;0.01343
1993-01-31;0.00452
1993-02-28;0.26246
1993-03-31;2.24747
1993-04-30;4.40611
1993-05-31;7.95037
1993-06-30;33.5897
1993-07-31;84.0736
1993-08-31;88.9031
1993-09-30;52.2456
1993-10-31;12.2294
1993-11-30;0.68766
1993-12-31;0.00569
1994-01-31;0.0265
1994-02-28;0.45152
1994-03-31;0.76761
1994-04-30;2.22127
1994-05-31;15.7241
1994-06-30;36.3716
1994-07-31;83.3309
1994-08-31;123.669
1994-09-30;82.5888
1994-10-31;32.745
1994-11-30;0.98061
1994-12-31;0.00449
1995-01-31;0.00268
1995-02-28;0.16104
1995-03-31;2.1401
1995-04-30;9.48011
1995-05-31;14.749
1995-06-30;30.5334
1995-07-31;73.5926
1995-08-31;99.0205
1995-09-30;57.4345
1995-10-31;11.4273
1995-11-30;0.23804
1995-12-31;0.03514
1996-01-31;0.03877
1996-02-29;0.25706
1996-03-31;1.95203
1996-04-30;4.01619
1996-05-31;16.6681
1996-06-30;32.1833
1996-07-31;73.0194
1996-08-31;82.4001
1996-09-30;62.5789
1996-10-31;13.442
1996-11-30;0.05573
1996-12-31;0.05404
1997-01-31;0.21817
1997-02-28;0.09451
1997-03-31;0.25518
1997-04-30;8.27386
1997-05-31;16.4889
1997-06-30;41.8718
1997-07-31;64.2707
1997-08-31;87.4782
1997-09-30;52.643
1997-10-31;13.3485
1997-11-30;0.38543
1997-12-31;0.01706
1998-01-31;0.00494
1998-02-28;0.35167
1998-03-31;0.08138
1998-04-30;7.09886
1998-05-31;16.7296
1998-06-30;33.8342
1998-07-31;71.5986
1998-08-31;102.694
1998-09-30;86.028
1998-10-31;11.221
1998-11-30;0.05295
1998-12-31;0.02992
1999-01-31;0.153
1999-02-28;0.10963
1999-03-31;0.74552
1999-04-30;7.07392
1999-05-31;10.3191
1999-06-30;30.9762
1999-07-31;87.4998
1999-08-31;161.926
1999-09-30;60.0158
1999-10-31;24.9429
1999-11-30;1.09247
1999-12-31;0.00578
2000-01-31;0.15424
2000-02-29;0.09371
2000-03-31;1.09288
2000-04-30;5.25908
2000-05-31;13.1859
2000-06-30;35.0515
2000-07-31;84.6073
2000-08-31;92.4225
2000-09-30;45.8882
2000-10-31;15.5962
2000-11-30;0.94156
2000-12-31;0.00652
2001-01-31;0.00897
2001-02-28;0.08814
2001-03-31;0.31882
2001-04-30;4.75786
2001-05-31;13.2194
2001-06-30;50.056
2001-07-31;77.392
2001-08-31;93.9885
2001-09-30;45.2308
2001-10-31;9.35974
2001-11-30;0.80803
2001-12-31;0.07315
2002-01-31;0.28334
2002-02-28;0.47096
2002-03-31;1.18504
2002-04-30;5.46234
2002-05-31;10.0767
2002-06-30;25.3427
2002-07-31;61.569
2002-08-31;76.002
2002-09-30;50.2514
2002-10-31;25.5847
2002-11-30;0.09533
2002-12-31;0.11573
2003-01-31;0.02116
2003-02-28;0.43198
2003-03-31;0.42727
2003-04-30;6.36426
2003-05-31;10.3593
2003-06-30;50.8719
2003-07-31;95.7741
2003-08-31;111.926
2003-09-30;70.453
2003-10-31;18.2605
2003-11-30;1.27101
2003-12-31;0.02984
2004-01-31;0.01739
2004-02-29;0.52388
2004-03-31;1.5315
2004-04-30;8.11211
2004-05-31;9.71743
2004-06-30;33.4636
2004-07-31;95.446
2004-08-31;106.852
2004-09-30;48.0751
2004-10-31;12.2516
2004-11-30;2.27473
2004-12-31;0.07573
2005-01-31;0.11743
2005-02-28;0.66973
2005-03-31;1.57816
2005-04-30;4.88144
2005-05-31;18.3793
2005-06-30;66.8274
2005-07-31;58.6842
2005-08-31;102.523
2005-09-30;55.2577
2005-10-31;15.594
2005-11-30;0.15694
2005-12-31;0.11146
2006-01-31;0.06352
2006-02-28;0.34647
2006-03-31;0.71027
2006-04-30;2.60947
2006-05-31;24.7974
2006-06-30;38.7604
2006-07-31;59.314
2006-08-31;94.1999
2006-09-30;62.1798
2006-10-31;12.425
2006-11-30;0.13838
2006-12-31;0.04318
2007-01-31;0.03319
2007-02-28;0.37921
2007-03-31;1.08788
2007-04-30;7.24111
2007-05-31;12.0161
2007-06-30;26.5049
2007-07-31;87.4875
2007-08-31;113.78
2007-09-30;50.3349
2007-10-31;10.9686
2007-11-30;1.95353
2007-12-31;0.03051
2008-01-31;0.02275
2008-02-29;0.95165
2008-03-31;1.98747
2008-04-30;7.78758
2008-05-31;20.9552
2008-06-30;48.5039
2008-07-31;83.5207
2008-08-31;116.477
2008-09-30;48.3394
2008-10-31;26.3782
2008-11-30;0.07267
2008-12-31;0.11687
2009-01-31;0.15523
2009-02-28;0.40761
2009-03-31;1.41508
2009-04-30;3.54135
2009-05-31;13.6228
2009-06-30;32.1023
2009-07-31;65.6977
2009-08-31;101.639
2009-09-30;84.4024
2009-10-31;18.9006
2009-11-30;0.68571
2009-12-31;0.01716
2010-01-31;0.02109
2010-02-28;0.52587
2010-03-31;1.38336
2010-04-30;9.16242
2010-05-31;20.6881
2010-06-30;51.0271
2010-07-31;96.3771
2010-08-31;110.247
2010-09-30;85.7784
2010-10-31;22.3047
2010-11-30;0.57113
2010-12-31;0.01752
2011-01-31;0.01886
2011-02-28;0.35245
2011-03-31;1.98461
2011-04-30;5.23324
2011-05-31;11.2722
2011-06-30;30.9217
2011-07-31;71.2783
2011-08-31;100.524
2011-09-30;56.253
2011-10-31;8.32752
2011-11-30;1.50992
2011-12-31;0.02762
2012-01-31;0.01766
2012-02-29;0.29786
2012-03-31;0.45065
2012-04-30;10.3983
2012-05-31;15.0682
2012-06-30;43.2196
2012-07-31;83.2467
2012-08-31;118.004
2012-09-30;56.629
2012-10-31;16.2035
2012-11-30;0.79367
2012-12-31;0.04175
2013-01-31;0.03245
2013-02-28;0.46372
2013-03-31;1.3763
2013-04-30;7.95862
2013-05-31;13.2277
2013-06-30;29.7763
2013-07-31;65.481
2013-08-31;125.576
2013-09-30;59.6756
2013-10-31;20.1661
2013-11-30;0.60011
2013-12-31;0.05238
2014-01-31;0.20456
2014-02-28;0.38949
2014-03-31;0.86751
2014-04-30;6.52043
2014-05-31;23.9769
2014-06-30;42.016
2014-07-31;63.5438
2014-08-31;104.803
2014-09-30;61.595
2014-10-31;22.4395
2014-11-30;1.57904
2014-12-31;0.01602
2015-01-31;0.01477
2015-02-28;0.58457
2015-03-31;0.41521
2015-04-30;2.64127
2015-05-31;10.2073
2015-06-30;31.2461
2015-07-31;82.1689
2015-08-31;123.605
2015-09-30;54.2442
2015-10-31;22.204
2015-11-30;0.68673
2015-12-31;0.00659
