;pr
1901-01-31;65.9901
1901-02-28;82.1997
1901-03-31;81.1065
1901-04-30;39.6374
1901-05-31;14.9665
1901-06-30;13.3148
1901-07-31;10.1383
1901-08-31;15.6452
1901-09-30;59.1459
1901-10-31;66.2389
1901-11-30;66.9164
1901-12-31;63.887
1902-01-31;58.123999999999995
1902-02-28;49.2258
1902-03-31;67.2561
1902-04-30;31.9123
1902-05-31;7.8161
1902-06-30;16.1566
1902-07-31;9.77668
1902-08-31;16.6419
1902-09-30;42.8283
1902-10-31;31.8864
1902-11-30;37.453
1902-12-31;49.7872
1903-01-31;41.6798
1903-02-28;40.1567
1903-03-31;26.087
1903-04-30;36.6776
1903-05-31;18.6191
1903-06-30;13.7247
1903-07-31;7.250939999999999
1903-08-31;10.8903
1903-09-30;7.22882
1903-10-31;29.756
1903-11-30;64.3705
1903-12-31;43.2891
1904-01-31;95.6307
1904-02-29;74.7153
1904-03-31;70.0503
1904-04-30;21.3505
1904-05-31;10.9179
1904-06-30;11.1255
1904-07-31;7.21317
1904-08-31;10.1486
1904-09-30;16.1486
1904-10-31;35.2018
1904-11-30;39.3727
1904-12-31;37.8314
1905-01-31;51.9673
1905-02-28;60.8996
1905-03-31;58.3608
1905-04-30;30.8227
1905-05-31;24.2179
1905-06-30;15.3556
1905-07-31;3.6473
1905-08-31;13.9307
1905-09-30;34.869
1905-10-31;29.1317
1905-11-30;47.7117
1905-12-31;60.9135
1906-01-31;51.2022
1906-02-28;63.7931
1906-03-31;55.5254
1906-04-30;18.5005
1906-05-31;23.4392
1906-06-30;11.6612
1906-07-31;3.10216
1906-08-31;6.466469999999999
1906-09-30;30.1584
1906-10-31;65.9433
1906-11-30;69.9403
1906-12-31;83.0346
1907-01-31;86.2345
1907-02-28;97.0798
1907-03-31;65.9053
1907-04-30;74.2723
1907-05-31;29.3383
1907-06-30;5.9779599999999995
1907-07-31;4.2637
1907-08-31;2.82159
1907-09-30;27.0971
1907-10-31;39.5139
1907-11-30;56.4308
1907-12-31;66.7379
1908-01-31;45.0343
1908-02-29;42.5525
1908-03-31;46.5796
1908-04-30;31.9652
1908-05-31;5.98131
1908-06-30;13.8993
1908-07-31;17.877
1908-08-31;19.1786
1908-09-30;24.136
1908-10-31;46.0053
1908-11-30;45.9279
1908-12-31;49.3222
1909-01-31;113.03399999999999
1909-02-28;114.913
1909-03-31;81.6391
1909-04-30;39.0238
1909-05-31;38.5851
1909-06-30;5.0059
1909-07-31;7.0513699999999995
1909-08-31;20.3337
1909-09-30;28.3127
1909-10-31;24.0487
1909-11-30;42.2695
1909-12-31;92.6147
1910-01-31;74.866
1910-02-28;92.0047
1910-03-31;64.1211
1910-04-30;12.5201
1910-05-31;20.6837
1910-06-30;17.1347
1910-07-31;12.2769
1910-08-31;7.727589999999999
1910-09-30;22.214000000000002
1910-10-31;66.0244
1910-11-30;36.256
1910-12-31;58.583
1911-01-31;82.9587
1911-02-28;46.13399999999999
1911-03-31;85.6236
1911-04-30;40.3829
1911-05-31;42.9627
1911-06-30;15.2277
1911-07-31;21.949
1911-08-31;21.0783
1911-09-30;20.3236
1911-10-31;49.2864
1911-11-30;54.0509
1911-12-31;28.5992
1912-01-31;54.6804
1912-02-29;82.4589
1912-03-31;39.8839
1912-04-30;49.0744
1912-05-31;17.364
1912-06-30;20.3652
1912-07-31;10.4476
1912-08-31;8.56315
1912-09-30;13.4892
1912-10-31;14.7008
1912-11-30;22.6308
1912-12-31;70.5087
1913-01-31;51.5724
1913-02-28;92.3719
1913-03-31;77.6879
1913-04-30;32.6593
1913-05-31;11.4806
1913-06-30;17.1024
1913-07-31;11.4198
1913-08-31;16.8547
1913-09-30;35.45
1913-10-31;50.6888
1913-11-30;36.0025
1913-12-31;25.1587
1914-01-31;44.7386
1914-02-28;65.786
1914-03-31;52.6764
1914-04-30;34.2901
1914-05-31;23.2864
1914-06-30;19.1063
1914-07-31;9.51061
1914-08-31;23.2303
1914-09-30;9.28501
1914-10-31;35.3479
1914-11-30;75.9159
1914-12-31;94.491
1915-01-31;102.095
1915-02-28;75.5487
1915-03-31;21.6518
1915-04-30;19.0131
1915-05-31;19.5083
1915-06-30;15.3879
1915-07-31;23.9773
1915-08-31;6.72289
1915-09-30;17.5462
1915-10-31;49.2249
1915-11-30;48.6421
1915-12-31;50.2851
1916-01-31;47.5766
1916-02-29;26.531999999999996
1916-03-31;72.2154
1916-04-30;28.0153
1916-05-31;25.0714
1916-06-30;6.573810000000001
1916-07-31;8.05746
1916-08-31;9.43346
1916-09-30;8.88349
1916-10-31;33.2991
1916-11-30;41.3579
1916-12-31;77.7953
1917-01-31;65.2622
1917-02-28;78.9228
1917-03-31;72.2995
1917-04-30;39.3189
1917-05-31;15.2848
1917-06-30;27.6553
1917-07-31;30.1163
1917-08-31;35.8172
1917-09-30;24.9327
1917-10-31;45.6335
1917-11-30;80.8192
1917-12-31;77.0112
1918-01-31;87.756
1918-02-28;85.9884
1918-03-31;118.024
1918-04-30;7.768860000000001
1918-05-31;21.002
1918-06-30;12.2091
1918-07-31;22.2717
1918-08-31;28.1264
1918-09-30;33.7125
1918-10-31;41.9211
1918-11-30;38.0406
1918-12-31;61.464
1919-01-31;58.2683
1919-02-28;46.3063
1919-03-31;59.2325
1919-04-30;37.7008
1919-05-31;8.83865
1919-06-30;7.01823
1919-07-31;6.585789999999999
1919-08-31;13.290999999999999
1919-09-30;16.0556
1919-10-31;14.7707
1919-11-30;59.1045
1919-12-31;29.4649
1920-01-31;84.6023
1920-02-29;113.31
1920-03-31;83.2797
1920-04-30;11.9662
1920-05-31;15.8448
1920-06-30;14.5465
1920-07-31;11.2059
1920-08-31;13.8839
1920-09-30;22.6024
1920-10-31;52.8424
1920-11-30;36.516
1920-12-31;52.5316
1921-01-31;37.1529
1921-02-28;92.6573
1921-03-31;111.421
1921-04-30;45.6568
1921-05-31;21.5004
1921-06-30;21.3719
1921-07-31;9.690389999999999
1921-08-31;6.67312
1921-09-30;19.9771
1921-10-31;37.5481
1921-11-30;87.5821
1921-12-31;81.5227
1922-01-31;53.4343
1922-02-28;33.5413
1922-03-31;38.1878
1922-04-30;12.5524
1922-05-31;23.4563
1922-06-30;20.5571
1922-07-31;7.87437
1922-08-31;27.1893
1922-09-30;14.2381
1922-10-31;39.7905
1922-11-30;77.3853
1922-12-31;43.4938
1923-01-31;112.803
1923-02-28;92.1779
1923-03-31;44.5749
1923-04-30;30.346
1923-05-31;22.6853
1923-06-30;18.5481
1923-07-31;17.9037
1923-08-31;8.17071
1923-09-30;5.3138
1923-10-31;18.9881
1923-11-30;46.8528
1923-12-31;46.938
1924-01-31;51.0009
1924-02-29;53.8317
1924-03-31;97.2563
1924-04-30;15.5787
1924-05-31;14.5655
1924-06-30;7.43428
1924-07-31;6.12445
1924-08-31;15.5423
1924-09-30;31.1492
1924-10-31;32.0401
1924-11-30;67.9767
1924-12-31;95.6388
1925-01-31;61.3596
1925-02-28;65.922
1925-03-31;145.756
1925-04-30;60.2048
1925-05-31;33.6859
1925-06-30;26.1368
1925-07-31;16.506
1925-08-31;6.5246699999999995
1925-09-30;41.6334
1925-10-31;24.8776
1925-11-30;38.6226
1925-12-31;38.7229
1926-01-31;44.1156
1926-02-28;48.4914
1926-03-31;58.7476
1926-04-30;15.0653
1926-05-31;19.1951
1926-06-30;14.4112
1926-07-31;11.8093
1926-08-31;4.3966199999999995
1926-09-30;27.1856
1926-10-31;31.5468
1926-11-30;52.2995
1926-12-31;48.2483
1927-01-31;44.5035
1927-02-28;51.6184
1927-03-31;71.0921
1927-04-30;21.9542
1927-05-31;9.88765
1927-06-30;4.13323
1927-07-31;15.5841
1927-08-31;15.5502
1927-09-30;6.44428
1927-10-31;53.4362
1927-11-30;28.5976
1927-12-31;57.7864
1928-01-31;85.7965
1928-02-29;46.8769
1928-03-31;78.7197
1928-04-30;26.2516
1928-05-31;6.043769999999999
1928-06-30;8.11241
1928-07-31;3.9049
1928-08-31;16.5729
1928-09-30;28.9993
1928-10-31;28.2745
1928-11-30;49.3245
1928-12-31;52.4594
1929-01-31;60.428999999999995
1929-02-28;44.2813
1929-03-31;90.6943
1929-04-30;19.3696
1929-05-31;17.618
1929-06-30;27.3061
1929-07-31;21.4469
1929-08-31;19.3624
1929-09-30;60.4665
1929-10-31;44.698
1929-11-30;55.4463
1929-12-31;73.9798
1930-01-31;71.154
1930-02-28;56.5721
1930-03-31;60.9926
1930-04-30;28.6188
1930-05-31;11.31
1930-06-30;10.2696
1930-07-31;7.970619999999999
1930-08-31;25.7443
1930-09-30;17.397000000000002
1930-10-31;24.5188
1930-11-30;33.6212
1930-12-31;58.7864
1931-01-31;81.7515
1931-02-28;48.3448
1931-03-31;57.8373
1931-04-30;47.8238
1931-05-31;4.03319
1931-06-30;4.91983
1931-07-31;30.9685
1931-08-31;8.86277
1931-09-30;8.695260000000001
1931-10-31;40.3694
1931-11-30;57.7718
1931-12-31;54.5543
1932-01-31;41.3729
1932-02-29;80.0008
1932-03-31;59.1679
1932-04-30;18.1398
1932-05-31;24.4785
1932-06-30;11.4222
1932-07-31;9.01652
1932-08-31;3.97126
1932-09-30;37.2653
1932-10-31;26.8652
1932-11-30;43.4007
1932-12-31;57.4316
1933-01-31;45.0517
1933-02-28;33.2799
1933-03-31;43.1197
1933-04-30;23.4051
1933-05-31;7.01089
1933-06-30;12.2649
1933-07-31;11.4423
1933-08-31;16.2086
1933-09-30;8.53088
1933-10-31;12.3005
1933-11-30;93.4784
1933-12-31;85.2166
1934-01-31;107.236
1934-02-28;68.8687
1934-03-31;69.3133
1934-04-30;33.2353
1934-05-31;26.255
1934-06-30;8.26158
1934-07-31;20.6516
1934-08-31;13.8889
1934-09-30;10.7297
1934-10-31;47.5384
1934-11-30;85.7081
1934-12-31;70.2373
1935-01-31;37.9203
1935-02-28;52.8762
1935-03-31;60.9362
1935-04-30;37.8656
1935-05-31;40.8441
1935-06-30;17.4517
1935-07-31;7.785069999999999
1935-08-31;15.5144
1935-09-30;17.0576
1935-10-31;17.9543
1935-11-30;31.8576
1935-12-31;44.1942
1936-01-31;61.598
1936-02-29;65.5988
1936-03-31;87.1036
1936-04-30;16.6612
1936-05-31;39.1554
1936-06-30;4.16373
1936-07-31;12.8046
1936-08-31;5.89952
1936-09-30;25.1637
1936-10-31;41.6519
1936-11-30;98.4558
1936-12-31;41.4837
1937-01-31;91.2055
1937-02-28;94.5761
1937-03-31;44.5897
1937-04-30;18.2614
1937-05-31;8.09763
1937-06-30;9.60635
1937-07-31;13.3719
1937-08-31;3.9641599999999997
1937-09-30;15.4722
1937-10-31;25.7707
1937-11-30;28.7419
1937-12-31;90.51700000000001
1938-01-31;67.1246
1938-02-28;61.4746
1938-03-31;28.7569
1938-04-30;53.8902
1938-05-31;11.3875
1938-06-30;20.0939
1938-07-31;13.7075
1938-08-31;11.7003
1938-09-30;17.5171
1938-10-31;51.0764
1938-11-30;44.4204
1938-12-31;80.6946
1939-01-31;76.0601
1939-02-28;128.877
1939-03-31;51.3557
1939-04-30;16.9987
1939-05-31;23.9198
1939-06-30;6.76255
1939-07-31;27.6779
1939-08-31;37.5244
1939-09-30;26.6968
1939-10-31;49.1112
1939-11-30;72.7049
1939-12-31;48.5304
1940-01-31;50.7429
1940-02-29;61.6644
1940-03-31;85.3839
1940-04-30;33.061
1940-05-31;24.7851
1940-06-30;22.5905
1940-07-31;8.947289999999999
1940-08-31;5.72049
1940-09-30;47.3684
1940-10-31;17.9686
1940-11-30;64.744
1940-12-31;70.327
1941-01-31;80.0443
1941-02-28;74.0493
1941-03-31;32.3059
1941-04-30;54.7274
1941-05-31;12.8527
1941-06-30;14.3649
1941-07-31;10.5123
1941-08-31;13.7427
1941-09-30;18.0946
1941-10-31;42.4465
1941-11-30;20.3399
1941-12-31;46.5413
1942-01-31;72.7407
1942-02-28;53.2566
1942-03-31;85.5446
1942-04-30;30.5748
1942-05-31;26.8051
1942-06-30;18.1213
1942-07-31;4.63438
1942-08-31;21.15
1942-09-30;21.5934
1942-10-31;62.466
1942-11-30;58.5063
1942-12-31;84.8956
1943-01-31;55.9271
1943-02-28;42.9589
1943-03-31;64.9196
1943-04-30;80.1486
1943-05-31;29.8671
1943-06-30;10.3726
1943-07-31;19.3942
1943-08-31;40.2201
1943-09-30;21.3552
1943-10-31;48.7961
1943-11-30;103.84700000000001
1943-12-31;74.2335
1944-01-31;61.1603
1944-02-29;94.0596
1944-03-31;55.2339
1944-04-30;12.3521
1944-05-31;23.4162
1944-06-30;29.0308
1944-07-31;7.7855
1944-08-31;9.83026
1944-09-30;41.1219
1944-10-31;46.5855
1944-11-30;37.04
1944-12-31;19.8017
1945-01-31;55.9011
1945-02-28;46.8928
1945-03-31;85.0826
1945-04-30;18.7764
1945-05-31;19.9525
1945-06-30;11.7362
1945-07-31;13.9157
1945-08-31;7.6517800000000005
1945-09-30;3.7135599999999998
1945-10-31;27.9479
1945-11-30;27.5781
1945-12-31;32.5682
1946-01-31;90.7937
1946-02-28;69.9765
1946-03-31;64.1521
1946-04-30;34.2287
1946-05-31;24.4757
1946-06-30;6.32538
1946-07-31;6.26018
1946-08-31;4.788130000000001
1946-09-30;14.3717
1946-10-31;38.3367
1946-11-30;43.3595
1946-12-31;43.3314
1947-01-31;48.6287
1947-02-28;53.5083
1947-03-31;66.1879
1947-04-30;36.8384
1947-05-31;16.0933
1947-06-30;13.4203
1947-07-31;16.3655
1947-08-31;5.45615
1947-09-30;28.5624
1947-10-31;31.6071
1947-11-30;57.2746
1947-12-31;82.8169
1948-01-31;63.3329
1948-02-29;63.9801
1948-03-31;107.295
1948-04-30;52.5839
1948-05-31;11.5805
1948-06-30;4.33398
1948-07-31;10.2523
1948-08-31;3.8043099999999996
1948-09-30;14.1214
1948-10-31;45.4137
1948-11-30;44.1821
1948-12-31;30.8615
1949-01-31;68.2568
1949-02-28;44.3078
1949-03-31;46.9015
1949-04-30;27.0372
1949-05-31;16.3854
1949-06-30;9.188930000000001
1949-07-31;6.781910000000001
1949-08-31;9.8457
1949-09-30;16.2361
1949-10-31;28.6982
1949-11-30;66.8858
1949-12-31;73.6216
1950-01-31;49.2407
1950-02-28;60.9578
1950-03-31;78.3416
1950-04-30;63.833999999999996
1950-05-31;41.0569
1950-06-30;6.15381
1950-07-31;16.7536
1950-08-31;24.3658
1950-09-30;23.275
1950-10-31;28.6859
1950-11-30;43.5057
1950-12-31;93.5829
1951-01-31;55.8028
1951-02-28;41.5469
1951-03-31;51.7766
1951-04-30;38.1135
1951-05-31;23.7131
1951-06-30;14.3119
1951-07-31;12.5083
1951-08-31;18.5386
1951-09-30;24.7418
1951-10-31;53.3389
1951-11-30;16.0585
1951-12-31;38.2143
1952-01-31;44.2847
1952-02-29;78.1465
1952-03-31;34.293
1952-04-30;23.7829
1952-05-31;15.126
1952-06-30;12.1784
1952-07-31;28.5521
1952-08-31;14.3145
1952-09-30;25.2918
1952-10-31;26.9849
1952-11-30;62.3891
1952-12-31;69.589
1953-01-31;47.5376
1953-02-28;96.7793
1953-03-31;45.9534
1953-04-30;54.0876
1953-05-31;12.0695
1953-06-30;8.36233
1953-07-31;12.0949
1953-08-31;16.9399
1953-09-30;19.2799
1953-10-31;43.3474
1953-11-30;75.6766
1953-12-31;68.9743
1954-01-31;58.2242
1954-02-28;58.4702
1954-03-31;88.8514
1954-04-30;35.048
1954-05-31;34.3773
1954-06-30;9.3925
1954-07-31;14.2296
1954-08-31;14.4115
1954-09-30;20.7992
1954-10-31;27.1278
1954-11-30;59.2091
1954-12-31;50.0005
1955-01-31;108.617
1955-02-28;108.91799999999999
1955-03-31;53.626999999999995
1955-04-30;43.5681
1955-05-31;17.1529
1955-06-30;20.2624
1955-07-31;12.1879
1955-08-31;12.6923
1955-09-30;10.1282
1955-10-31;41.7827
1955-11-30;71.0576
1955-12-31;73.1976
1956-01-31;38.7484
1956-02-29;103.962
1956-03-31;97.0846
1956-04-30;16.73
1956-05-31;31.1163
1956-06-30;10.9064
1956-07-31;9.320210000000001
1956-08-31;8.35571
1956-09-30;27.2834
1956-10-31;48.9621
1956-11-30;53.3369
1956-12-31;88.035
1957-01-31;57.29600000000001
1957-02-28;65.8369
1957-03-31;65.9632
1957-04-30;28.5809
1957-05-31;19.4362
1957-06-30;26.9047
1957-07-31;18.1461
1957-08-31;27.934
1957-09-30;58.4575
1957-10-31;58.1633
1957-11-30;38.5319
1957-12-31;62.8534
1958-01-31;108.18799999999999
1958-02-28;42.8854
1958-03-31;40.8761
1958-04-30;38.214
1958-05-31;33.2048
1958-06-30;6.4275199999999995
1958-07-31;2.73347
1958-08-31;9.91564
1958-09-30;28.2881
1958-10-31;29.6534
1958-11-30;54.6968
1958-12-31;90.5753
1959-01-31;63.9065
1959-02-28;62.8442
1959-03-31;36.4927
1959-04-30;42.0999
1959-05-31;46.19
1959-06-30;3.62301
1959-07-31;21.0355
1959-08-31;14.0897
1959-09-30;10.8883
1959-10-31;38.3652
1959-11-30;48.0941
1959-12-31;70.8216
1960-01-31;44.0116
1960-02-29;57.1271
1960-03-31;58.0071
1960-04-30;43.6485
1960-05-31;17.2459
1960-06-30;10.0091
1960-07-31;7.8184
1960-08-31;19.9156
1960-09-30;15.458
1960-10-31;32.705999999999996
1960-11-30;67.7922
1960-12-31;83.3306
1961-01-31;54.5549
1961-02-28;49.1258
1961-03-31;94.6694
1961-04-30;71.3236
1961-05-31;31.5542
1961-06-30;29.4334
1961-07-31;21.5058
1961-08-31;14.5173
1961-09-30;20.5409
1961-10-31;18.7591
1961-11-30;68.2875
1961-12-31;47.8174
1962-01-31;49.0819
1962-02-28;67.8638
1962-03-31;54.6996
1962-04-30;37.1501
1962-05-31;6.280819999999999
1962-06-30;16.2084
1962-07-31;5.94721
1962-08-31;23.9364
1962-09-30;9.22049
1962-10-31;30.2191
1962-11-30;84.3118
1962-12-31;47.4076
1963-01-31;106.197
1963-02-28;31.6801
1963-03-31;78.247
1963-04-30;52.2994
1963-05-31;16.5504
1963-06-30;26.1941
1963-07-31;26.221
1963-08-31;12.4149
1963-09-30;5.22049
1963-10-31;47.846000000000004
1963-11-30;72.6299
1963-12-31;49.2557
1964-01-31;63.2192
1964-02-29;40.5166
1964-03-31;45.0751
1964-04-30;26.0563
1964-05-31;5.4358
1964-06-30;30.3406
1964-07-31;4.20919
1964-08-31;13.5133
1964-09-30;22.6694
1964-10-31;73.7575
1964-11-30;39.974000000000004
1964-12-31;62.7664
1965-01-31;53.3146
1965-02-28;29.2816
1965-03-31;32.9551
1965-04-30;46.5802
1965-05-31;11.9157
1965-06-30;16.1251
1965-07-31;17.1987
1965-08-31;12.6558
1965-09-30;15.7026
1965-10-31;33.4745
1965-11-30;56.4532
1965-12-31;30.2789
1966-01-31;85.5065
1966-02-28;65.2731
1966-03-31;16.0091
1966-04-30;17.748
1966-05-31;12.8739
1966-06-30;12.6103
1966-07-31;5.7516099999999994
1966-08-31;12.4844
1966-09-30;20.925
1966-10-31;30.2893
1966-11-30;38.4155
1966-12-31;61.2315
1967-01-31;98.1227
1967-02-28;84.8676
1967-03-31;67.8478
1967-04-30;91.4485
1967-05-31;37.6269
1967-06-30;17.8859
1967-07-31;11.7055
1967-08-31;11.2301
1967-09-30;8.36026
1967-10-31;34.1598
1967-11-30;51.4348
1967-12-31;33.8559
1968-01-31;30.4656
1968-02-29;27.6499
1968-03-31;81.4082
1968-04-30;41.1863
1968-05-31;31.1497
1968-06-30;14.3576
1968-07-31;7.164210000000001
1968-08-31;14.9009
1968-09-30;16.0072
1968-10-31;29.2202
1968-11-30;43.4417
1968-12-31;51.1591
1969-01-31;32.729
1969-02-28;64.8413
1969-03-31;85.973
1969-04-30;45.7827
1969-05-31;27.5092
1969-06-30;7.08558
1969-07-31;6.08919
1969-08-31;6.83409
1969-09-30;17.9908
1969-10-31;63.8646
1969-11-30;34.9571
1969-12-31;48.6363
1970-01-31;37.2216
1970-02-28;48.4597
1970-03-31;19.9225
1970-04-30;16.9032
1970-05-31;19.9122
1970-06-30;22.7387
1970-07-31;13.9289
1970-08-31;33.4178
1970-09-30;19.9537
1970-10-31;43.7324
1970-11-30;39.841
1970-12-31;75.7411
1971-01-31;79.5697
1971-02-28;57.4711
1971-03-31;49.7652
1971-04-30;49.9611
1971-05-31;31.8534
1971-06-30;8.86148
1971-07-31;27.3403
1971-08-31;24.9358
1971-09-30;12.2903
1971-10-31;48.7818
1971-11-30;51.854
1971-12-31;55.0497
1972-01-31;113.523
1972-02-29;72.387
1972-03-31;88.8189
1972-04-30;27.3825
1972-05-31;17.8437
1972-06-30;10.8804
1972-07-31;5.41297
1972-08-31;8.14982
1972-09-30;10.1061
1972-10-31;28.4629
1972-11-30;44.1
1972-12-31;27.7937
1973-01-31;37.1214
1973-02-28;76.7603
1973-03-31;56.1829
1973-04-30;50.3289
1973-05-31;8.72178
1973-06-30;3.25407
1973-07-31;14.9685
1973-08-31;22.4098
1973-09-30;40.499
1973-10-31;34.2637
1973-11-30;54.5594
1973-12-31;86.6539
1974-01-31;136.683
1974-02-28;109.219
1974-03-31;93.632
1974-04-30;47.6489
1974-05-31;30.0937
1974-06-30;15.8327
1974-07-31;7.70305
1974-08-31;40.6084
1974-09-30;13.9004
1974-10-31;21.3807
1974-11-30;78.9795
1974-12-31;56.3363
1975-01-31;86.5787
1975-02-28;85.7343
1975-03-31;72.1865
1975-04-30;39.7345
1975-05-31;21.9999
1975-06-30;14.511
1975-07-31;13.0107
1975-08-31;11.0106
1975-09-30;32.0842
1975-10-31;18.5634
1975-11-30;60.5045
1975-12-31;115.882
1976-01-31;125.381
1976-02-29;111.823
1976-03-31;122.27600000000001
1976-04-30;45.9576
1976-05-31;31.9412
1976-06-30;17.1724
1976-07-31;13.4479
1976-08-31;6.34065
1976-09-30;24.8817
1976-10-31;71.3132
1976-11-30;52.8643
1976-12-31;53.3741
1977-01-31;70.9318
1977-02-28;90.7182
1977-03-31;76.623
1977-04-30;39.7126
1977-05-31;30.5152
1977-06-30;11.3364
1977-07-31;8.48886
1977-08-31;14.6467
1977-09-30;47.4635
1977-10-31;35.5114
1977-11-30;56.0288
1977-12-31;72.9554
1978-01-31;95.5107
1978-02-28;68.6485
1978-03-31;73.0019
1978-04-30;53.1872
1978-05-31;6.51705
1978-06-30;6.54791
1978-07-31;5.12376
1978-08-31;18.4133
1978-09-30;24.6175
1978-10-31;43.559
1978-11-30;41.7975
1978-12-31;59.6099
1979-01-31;54.2396
1979-02-28;57.243
1979-03-31;31.379
1979-04-30;22.5756
1979-05-31;25.0421
1979-06-30;9.945910000000001
1979-07-31;28.4603
1979-08-31;39.8618
1979-09-30;17.6224
1979-10-31;45.06
1979-11-30;51.427
1979-12-31;42.6491
1980-01-31;60.5648
1980-02-29;75.874
1980-03-31;44.5416
1980-04-30;16.6662
1980-05-31;8.59418
1980-06-30;9.66687
1980-07-31;3.7596300000000005
1980-08-31;18.3852
1980-09-30;46.1414
1980-10-31;17.6309
1980-11-30;85.2433
1980-12-31;55.7543
1981-01-31;100.09899999999999
1981-02-28;83.7342
1981-03-31;67.6246
1981-04-30;20.3455
1981-05-31;26.3051
1981-06-30;12.3582
1981-07-31;9.42967
1981-08-31;49.1886
1981-09-30;20.8026
1981-10-31;39.3988
1981-11-30;49.2275
1981-12-31;57.5605
1982-01-31;52.2786
1982-02-28;35.2068
1982-03-31;46.6468
1982-04-30;61.6439
1982-05-31;6.20244
1982-06-30;15.200999999999999
1982-07-31;20.1926
1982-08-31;5.7998
1982-09-30;16.2412
1982-10-31;61.2988
1982-11-30;34.8444
1982-12-31;34.6426
1983-01-31;40.0246
1983-02-28;24.721999999999998
1983-03-31;40.775999999999996
1983-04-30;21.7043
1983-05-31;28.4345
1983-06-30;21.5378
1983-07-31;29.2356
1983-08-31;10.3455
1983-09-30;19.0566
1983-10-31;41.7064
1983-11-30;80.8367
1983-12-31;66.63600000000001
1984-01-31;62.3019
1984-02-29;29.6367
1984-03-31;63.6977
1984-04-30;26.1991
1984-05-31;21.366999999999997
1984-06-30;13.5844
1984-07-31;16.6306
1984-08-31;17.2894
1984-09-30;16.0113
1984-10-31;57.6899
1984-11-30;46.4569
1984-12-31;31.8004
1985-01-31;76.1914
1985-02-28;96.3234
1985-03-31;41.4325
1985-04-30;14.8083
1985-05-31;12.6712
1985-06-30;11.8739
1985-07-31;10.2795
1985-08-31;5.461
1985-09-30;18.2388
1985-10-31;73.7921
1985-11-30;54.4114
1985-12-31;91.4852
1986-01-31;63.1038
1986-02-28;40.6024
1986-03-31;43.7202
1986-04-30;36.552
1986-05-31;2.49948
1986-06-30;22.6786
1986-07-31;6.90742
1986-08-31;25.4025
1986-09-30;17.5676
1986-10-31;63.9367
1986-11-30;59.3591
1986-12-31;50.0179
1987-01-31;40.1078
1987-02-28;53.5962
1987-03-31;50.178999999999995
1987-04-30;27.8823
1987-05-31;9.66581
1987-06-30;13.936
1987-07-31;11.7921
1987-08-31;24.2927
1987-09-30;85.9573
1987-10-31;29.4287
1987-11-30;62.3673
1987-12-31;60.7536
1988-01-31;41.0528
1988-02-29;127.65100000000001
1988-03-31;87.5837
1988-04-30;54.9068
1988-05-31;13.1203
1988-06-30;17.8393
1988-07-31;8.91672
1988-08-31;12.9255
1988-09-30;37.8892
1988-10-31;59.48
1988-11-30;41.3098
1988-12-31;90.6775
1989-01-31;61.1797
1989-02-28;110.37799999999999
1989-03-31;40.3233
1989-04-30;55.2812
1989-05-31;13.4527
1989-06-30;18.2239
1989-07-31;10.0709
1989-08-31;9.17506
1989-09-30;12.2908
1989-10-31;39.0488
1989-11-30;87.1435
1989-12-31;52.1904
1990-01-31;47.6582
1990-02-28;57.3875
1990-03-31;63.1718
1990-04-30;57.7063
1990-05-31;10.4257
1990-06-30;17.4546
1990-07-31;8.13457
1990-08-31;12.5752
1990-09-30;6.79254
1990-10-31;25.0618
1990-11-30;22.7407
1990-12-31;57.803999999999995
1991-01-31;113.71700000000001
1991-02-28;63.15
1991-03-31;79.7912
1991-04-30;5.92753
1991-05-31;10.6128
1991-06-30;23.4393
1991-07-31;11.3333
1991-08-31;4.87694
1991-09-30;28.6665
1991-10-31;71.7739
1991-11-30;37.2828
1991-12-31;56.7355
1992-01-31;29.3252
1992-02-29;37.1748
1992-03-31;36.1043
1992-04-30;14.4567
1992-05-31;4.89625
1992-06-30;11.6148
1992-07-31;9.81373
1992-08-31;22.0714
1992-09-30;7.609539999999999
1992-10-31;35.6254
1992-11-30;54.1272
1992-12-31;49.5574
1993-01-31;41.1542
1993-02-28;60.9931
1993-03-31;41.6897
1993-04-30;36.1535
1993-05-31;12.9808
1993-06-30;11.7965
1993-07-31;11.217
1993-08-31;12.9075
1993-09-30;18.3703
1993-10-31;61.3099
1993-11-30;53.6713
1993-12-31;77.1168
1994-01-31;76.7241
1994-02-28;72.6475
1994-03-31;56.0447
1994-04-30;18.6393
1994-05-31;4.623469999999999
1994-06-30;14.4981
1994-07-31;13.6903
1994-08-31;10.5066
1994-09-30;7.41148
1994-10-31;29.8253
1994-11-30;28.4899
1994-12-31;50.3552
1995-01-31;68.6747
1995-02-28;33.3951
1995-03-31;79.1196
1995-04-30;29.0664
1995-05-31;25.4991
1995-06-30;9.84287
1995-07-31;7.3696
1995-08-31;13.1953
1995-09-30;14.8875
1995-10-31;45.3688
1995-11-30;69.8577
1995-12-31;106.25299999999999
1996-01-31;94.9951
1996-02-29;107.292
1996-03-31;41.7532
1996-04-30;32.621
1996-05-31;19.9117
1996-06-30;6.391830000000001
1996-07-31;26.7414
1996-08-31;17.0715
1996-09-30;15.4957
1996-10-31;50.9236
1996-11-30;92.0419
1996-12-31;71.3735
1997-01-31;75.8443
1997-02-28;40.3626
1997-03-31;104.291
1997-04-30;38.9607
1997-05-31;36.1662
1997-06-30;26.7482
1997-07-31;11.3452
1997-08-31;11.5228
1997-09-30;18.5827
1997-10-31;35.2112
1997-11-30;55.8373
1997-12-31;36.8281
1998-01-31;80.3693
1998-02-28;68.8103
1998-03-31;62.4085
1998-04-30;18.9949
1998-05-31;15.390999999999998
1998-06-30;2.90714
1998-07-31;7.94257
1998-08-31;13.5682
1998-09-30;20.8657
1998-10-31;40.2885
1998-11-30;82.1206
1998-12-31;79.2528
1999-01-31;63.7952
1999-02-28;44.6645
1999-03-31;35.1159
1999-04-30;23.9207
1999-05-31;28.348000000000003
1999-06-30;5.364330000000001
1999-07-31;12.4046
1999-08-31;11.3184
1999-09-30;15.6439
1999-10-31;42.6219
1999-11-30;36.3735
1999-12-31;116.431
2000-01-31;102.65899999999999
2000-02-29;102.072
2000-03-31;107.652
2000-04-30;45.1305
2000-05-31;18.4902
2000-06-30;9.5164
2000-07-31;9.58414
2000-08-31;5.5326699999999995
2000-09-30;34.0571
2000-10-31;36.681999999999995
2000-11-30;67.5411
2000-12-31;66.9264
2001-01-31;36.2166
2001-02-28;54.5417
2001-03-31;55.4124
2001-04-30;57.0376
2001-05-31;19.5565
2001-06-30;6.91685
2001-07-31;18.9524
2001-08-31;19.6571
2001-09-30;45.3452
2001-10-31;51.1222
2001-11-30;103.07
2001-12-31;75.8383
2002-01-31;68.9674
2002-02-28;49.11
2002-03-31;30.4093
2002-04-30;29.7878
2002-05-31;29.5914
2002-06-30;15.0966
2002-07-31;16.0743
2002-08-31;37.3466
2002-09-30;23.2372
2002-10-31;23.2503
2002-11-30;25.7378
2002-12-31;67.5211
2003-01-31;51.5866
2003-02-28;45.143
2003-03-31;65.2217
2003-04-30;20.6506
2003-05-31;15.4383
2003-06-30;10.3794
2003-07-31;5.91538
2003-08-31;16.5849
2003-09-30;20.6739
2003-10-31;38.4615
2003-11-30;36.6203
2003-12-31;36.7346
2004-01-31;97.4883
2004-02-29;73.6275
2004-03-31;61.7102
2004-04-30;36.0312
2004-05-31;6.1504199999999996
2004-06-30;8.866060000000001
2004-07-31;12.0165
2004-08-31;11.8172
2004-09-30;26.1934
2004-10-31;30.0848
2004-11-30;27.7879
2004-12-31;82.9899
2005-01-31;72.9698
2005-02-28;58.1974
2005-03-31;50.3167
2005-04-30;47.8245
2005-05-31;16.4693
2005-06-30;9.652289999999999
2005-07-31;2.90478
2005-08-31;8.26032
2005-09-30;6.05841
2005-10-31;22.4905
2005-11-30;54.1941
2005-12-31;42.8617
2006-01-31;87.4564
2006-02-28;113.98
2006-03-31;61.3572
2006-04-30;46.56399999999999
2006-05-31;30.3955
2006-06-30;6.96505
2006-07-31;7.9633899999999995
2006-08-31;45.6908
2006-09-30;11.366
2006-10-31;35.417
2006-11-30;58.9723
2006-12-31;81.8916
2007-01-31;34.398
2007-02-28;27.2268
2007-03-31;52.9355
2007-04-30;39.7746
2007-05-31;12.0865
2007-06-30;21.8579
2007-07-31;10.273
2007-08-31;7.71507
2007-09-30;26.9399
2007-10-31;52.8631
2007-11-30;65.5046
2007-12-31;59.0719
2008-01-31;83.7267
2008-02-29;45.6874
2008-03-31;54.0657
2008-04-30;21.9429
2008-05-31;23.8575
2008-06-30;21.6167
2008-07-31;11.8742
2008-08-31;9.73439
2008-09-30;12.6286
2008-10-31;20.724
2008-11-30;69.7743
2008-12-31;53.838
2009-01-31;79.1137
2009-02-28;90.6474
2009-03-31;30.7291
2009-04-30;17.3645
2009-05-31;15.1556
2009-06-30;26.6185
2009-07-31;12.526
2009-08-31;12.8889
2009-09-30;18.8758
2009-10-31;52.208
2009-11-30;75.1121
2009-12-31;51.5783
2010-01-31;102.581
2010-02-28;65.1871
2010-03-31;42.9904
2010-04-30;32.9119
2010-05-31;17.6176
2010-06-30;10.888
2010-07-31;8.44029
2010-08-31;5.25173
2010-09-30;5.41944
2010-10-31;34.7314
2010-11-30;56.3986
2010-12-31;83.9725
2011-01-31;105.97399999999999
2011-02-28;72.2788
2011-03-31;66.3148
2011-04-30;60.2157
2011-05-31;38.9432
2011-06-30;32.5319
2011-07-31;16.5844
2011-08-31;16.1018
2011-09-30;5.87221
2011-10-31;26.2993
2011-11-30;52.2812
2011-12-31;58.8665
2012-01-31;45.0159
2012-02-29;64.0444
2012-03-31;55.6964
2012-04-30;23.4256
2012-05-31;3.4776
2012-06-30;23.4023
2012-07-31;18.7266
2012-08-31;10.8775
2012-09-30;32.0427
2012-10-31;75.1647
2012-11-30;29.2712
2012-12-31;83.3777
2013-01-31;62.6002
2013-02-28;35.4779
2013-03-31;55.7642
2013-04-30;33.6637
2013-05-31;7.7039
2013-06-30;11.1953
2013-07-31;9.62866
2013-08-31;13.8296
2013-09-30;6.5027800000000004
2013-10-31;36.465
2013-11-30;52.758
2013-12-31;95.0426
2014-01-31;54.9551
2014-02-28;106.486
2014-03-31;58.2508
2014-04-30;34.294000000000004
2014-05-31;14.5883
2014-06-30;8.88728
2014-07-31;8.01769
2014-08-31;15.7856
2014-09-30;11.6591
2014-10-31;15.5017
2014-11-30;68.9355
2014-12-31;84.1863
2015-01-31;37.478
2015-02-28;35.6441
2015-03-31;57.5323
2015-04-30;34.3128
2015-05-31;5.41119
2015-06-30;27.36
2015-07-31;19.9437
2015-08-31;19.6669
2015-09-30;23.2621
2015-10-31;22.8417
2015-11-30;35.8368
2015-12-31;19.5182
